yearID,W_actual,W_pred
1997,84,84.17346014387073
1997,101,103.82632870687601
1997,98,94.33879034934598
1997,78,80.46381949163434
1997,80,75.56453945025237
1997,68,73.3328133253598
1997,76,69.53511915165467
1997,86,85.79869252438732
1997,83,81.78155188545527
1997,79,80.0978906269658
1997,92,88.0948903059689
1997,84,93.35746612455415
1997,67,74.01374417893406
1997,88,91.74718057070305
1997,68,72.26484288757858
1997,78,74.27504004020076
1997,78,76.38153424705068
1997,96,100.93703555830477
1997,65,63.74299615837337
1997,68,64.26520778856592
1997,79,77.64049324631146
1997,76,73.02227339424688
1997,90,89.90519101554044
1997,90,80.54294552643982
1997,73,79.62852510496487
1997,77,79.78427351786414
1997,76,77.28028620748762
1998,85,81.60816475516097
1998,65,66.64028461281549
1998,106,106.67989408181097
1998,79,83.84281926997087
1998,92,94.47761593352175
1998,90,85.65486605902856
1998,77,79.30904174866183
1998,89,87.98914456591504
1998,77,77.92599929080285
1998,65,66.71933578083662
1998,54,57.12283461730504
1998,102,105.81465094767691
1998,72,63.03402778889297
1998,83,80.21525904740837
1998,74,70.98021262526204
1998,70,72.18387454145629
1998,65,66.26560814253082
1998,114,109.32573263008078
1998,88,87.23472650295653
1998,75,71.72156345207922
1998,69,74.1469705228162
1998,89,91.83321101543328
1998,83,84.02424617303762
1998,88,87.11671019844545
1998,88,86.12673087493329
1999,70,69.3744258155864
1999,100,102.82395205732581
1999,103,100.16959302004324
1999,78,84.37174250261387
1999,94,92.94921784193167
1999,75,71.93751908648498
1999,96,96.1175828172859
1999,97,94.48617487249605
1999,72,70.05959573736702
1999,69,67.36257138303817
1999,64,64.29109345165247
1999,97,96.79060763275123
1999,77,81.67195964048369
1999,74,73.54105145357644
1999,63,64.76384570124665
1999,68,67.46070498096178
1999,98,97.98811551608685
1999,77,79.96406943141886
1999,78,79.57100963969346
1999,74,73.84960710760993
1999,79,76.6966835713824
1999,86,85.20956916409351
1999,75,77.90911358158209
1999,84,83.50474545549181
2000,82,79.15121088215331
2000,85,85.32015625035254
2000,74,69.53211867737363
2000,85,86.34566337694523
2000,95,93.14815419254307
2000,90,93.5311352184232
2000,82,86.8584153981527
2000,79,72.95838224551329
2000,72,81.13635906783063
2000,77,75.5307108006507
2000,86,87.76597087301955
2000,73,72.5787201387529
2000,67,65.01781956688302
2000,87,86.10520018227632
2000,94,87.979969097447
2000,91,91.62814498641097
2000,65,69.26107565285648
2000,69,72.53861494611043
2000,76,74.31852373767143
2000,91,92.33081292077529
2000,97,97.8395473075079
2000,69,69.89749769618686
2000,83,77.5965115129847
2001,75,76.56789393612398
2001,88,91.19608653897645
2001,63,66.70924123332216
2001,82,84.32888194226145
2001,83,81.07254721467434
2001,88,89.28555214723522
2001,66,70.14055527438434
2001,91,88.89857387827917
2001,73,82.22663077640541
2001,66,65.40434263585632
2001,76,80.3049529242331
2001,93,89.28992028570966
2001,86,82.80580783124762
2001,68,74.08278860538358
2001,68,66.55537991386053
2001,95,90.57294568806638
2001,102,103.96276180598379
2001,86,83.42015155191753
2001,62,59.753853977996116
2001,79,78.73625455953938
2001,116,108.97583615005831
2001,90,86.46978784806298
2001,93,93.48328675882138
2001,62,59.94823525446859
2001,80,82.73576096126784
2002,99,100.45775444040453
2002,98,96.24287530598525
2002,101,96.10522870001657
2002,67,69.57480943184375
2002,93,100.20956847154724
2002,81,86.5301863737061
2002,67,76.42725148813257
2002,78,74.75185272129377
2002,74,71.34999986983766
2002,73,69.48776261393137
2002,55,50.61390553890706
2002,79,74.44171827516867
2002,84,87.00414192023628
2002,62,65.05440207724297
2002,92,88.59690231969361
2002,56,61.12323754495412
2002,94,85.9227701656834
2002,83,82.12740897726604
2002,103,99.91997586403028
2002,75,79.54586640866557
2002,103,96.09738591417077
2002,80,79.38613680599302
2002,66,65.54783366006563
2002,93,92.97896999080855
2002,95,97.86839674734739
2002,97,94.72558555085534
2002,55,56.461366631089874
2002,72,77.50330781479586
2002,78,78.87863566088235
2003,77,80.44445395151338
2003,84,85.49956273202905
2003,101,97.12649680130824
2003,71,73.20409947555252
2003,95,95.86592024083825
2003,86,88.2540518829194
2003,88,86.09308625760998
2003,69,61.38415515670901
2003,74,76.48883359893807
2003,43,46.93840836290101
2003,91,87.11657182081066
2003,83,76.83515386362038
2003,85,83.26679415117525
2003,68,65.23334759670614
2003,90,85.20407313195864
2003,101,97.8062765083799
2003,66,67.54658839359934
2003,96,94.35321233736485
2003,86,90.07701455063602
2003,75,74.97602931360612
2003,64,65.39214149426635
2003,93,97.10543374574299
2003,100,92.37114749651568
2003,63,66.48397729547574
2003,71,68.41680951654475
2003,86,87.33683160216056
2004,92,91.23672800215151
2004,51,54.101979892934224
2004,96,95.11556592807898
2004,89,94.31695576026212
2004,76,66.08860438344699
2004,80,81.7053868070275
2004,68,71.89684119150836
2004,92,91.65789985606308
2004,58,62.89208077349272
2004,93,88.8549015511359
2004,67,68.09072152051183
2004,92,88.28130958157489
2004,101,89.94346563829993
2004,71,75.40027598822472
2004,91,86.95499893860462
2004,86,87.43152924617024
2004,72,73.70256000570974
2004,87,86.84375901333667
2004,63,69.18488288449083
2004,91,89.72298934221524
2004,105,100.49329104275226
2004,70,67.20511678159241
2004,89,86.62806328587328
2004,67,70.12300536390177
2005,77,66.11615168668126
2005,74,73.93239934375754
2005,99,91.36629150674955
2005,79,80.1945827997874
2005,73,74.48569132840193
2005,67,68.01199904352025
2005,83,79.82150393526034
2005,89,91.06512405877413
2005,56,57.49812122911763
2005,95,93.39061417736892
2005,71,74.27115013444563
2005,81,83.21127995120891
2005,83,84.20309833309382
2005,95,90.63783991050595
2005,83,87.98065563284004
2005,88,93.36748764951858
2005,88,89.55171411990341
2005,75,71.30518750582445
2005,100,99.0287841361311
2005,67,62.934277384573704
2005,80,87.51677351268563
2005,81,77.16108013489877
2006,76,79.46698967903701
2006,79,85.73170121959426
2006,70,68.03797977625263
2006,86,81.96493099364228
2006,90,88.42683852075257
2006,66,70.42079703306455
2006,80,75.5282880504342
2006,78,89.1178627956956
2006,76,80.6578685117255
2006,95,94.0668709386589
2006,78,79.51214287063374
2006,82,83.79666730460676
2006,62,60.928462322318616
2006,89,85.54602335412888
2006,88,87.84271379124398
2006,75,70.97423456603222
2006,96,93.22661921954266
2006,97,95.92758038814546
2006,97,91.41775684196996
2006,93,85.4585413479178
2006,85,86.741595723073
2006,67,70.46612127135897
2006,88,86.57921823748944
2006,78,77.69965902333624
2006,76,75.95095124826223
2006,61,63.88134114221963
2006,80,85.14833022017721
2006,87,86.22265574195465
2006,71,68.27500587727607
2007,90,78.84208482506786
2007,84,89.2022980364371
2007,69,70.19124768397789
2007,96,101.13076906603692
2007,85,87.04771404096645
2007,72,74.56141292910326
2007,96,91.54033108962435
2007,90,91.22038472595617
2007,71,71.9538111122153
2007,73,72.92442006106126
2007,69,72.85099026270954
2007,94,90.33494426529845
2007,82,81.96532789388036
2007,79,81.19216984257525
2007,88,87.17433467913493
2007,76,80.34508760510847
2007,89,88.09069785408244
2007,68,69.40412514079773
2007,89,90.09605143360463
2007,88,79.09326935840829
2007,71,77.00957605853603
2007,78,71.5763239456924
2007,66,65.436056353507
2007,83,86.92577179374103
2007,73,69.06509458546118
2008,82,83.06353042646808
2008,72,78.76064413873505
2008,68,71.22917148343765
2008,95,95.96654590446073
2008,89,90.59621796633795
2008,97,98.31230008600207
2008,74,71.7671885891264
2008,81,85.52422913292179
2008,74,74.20985680407313
2008,74,77.30526275282625
2008,84,80.49741197310406
2008,86,78.04184055037861
2008,75,71.65165733617052
2008,84,87.00002017336554
2008,90,87.68779411193074
2008,88,89.98553882001275
2008,89,87.56494255767082
2008,89,89.97099383008543
2008,92,93.08135689103015
2008,67,66.6096546514641
2008,61,66.96216104056032
2008,86,86.4338440435829
2008,97,91.20294935294292
2008,79,75.60893397296537
2008,86,92.48325104783679
2009,70,75.06909547975728
2009,86,91.5243206060346
2009,64,67.72467002306254
2009,79,80.5376439783073
2009,78,75.52651706030703
2009,65,72.37580789826795
2009,86,81.55508055074667
2009,87,82.1369543673054
2009,74,68.3450459055005
2009,65,65.6426565964164
2009,97,92.57391228984122
2009,95,98.96631504087523
2009,80,77.55872534504914
2009,87,86.76081642663551
2009,103,96.93762227861886
2009,70,71.9932321471967
2009,62,66.49128030368918
2009,75,68.57123911820496
2009,88,85.99608562538297
2009,91,90.21728737996571
2009,84,85.79043970931369
2009,87,84.67569386073755
2009,75,84.57327549807434
2009,59,63.76976893888798
2011,94,87.6700232977322
2011,90,94.50405262948833
2011,79,75.9758607160376
2011,71,69.91895360115592
2011,79,82.44754906349569
2011,80,75.26522314478022
2011,95,88.2789653032928
2011,72,73.23113432726488
2011,56,62.19517068045157
2011,71,76.87377397390941
2011,86,84.38969667152782
2011,63,61.70968815417836
2011,74,77.24928327994915
2011,102,101.73456244294816
2011,72,68.9632096699493
2011,71,78.84995458461105
2011,67,66.4292531760943
2011,86,80.4038193477263
2011,90,88.71445483766783
2011,91,90.90872656196585
2011,81,79.33454825830397
2011,80,77.83939757993987
2013,81,80.92567383168486
2013,96,96.68162466366707
2013,85,84.6705225593303
2013,97,100.05384290062905
2013,63,68.12486353346765
2013,66,70.60967081003845
2013,90,93.38269284890076
2013,92,89.32358211585255
2013,74,75.17725803068817
2013,93,98.93031930760532
2013,51,56.2883311417073
2013,86,85.70868453392183
2013,62,65.39139294230314
2013,74,75.60734144480166
2013,66,62.991115595853564
2013,74,74.6197308490223
2013,96,95.70866104361428
2013,73,67.01277441252827
2013,94,87.26401907270532
2013,76,72.75184854698092
2013,71,68.33480889784886
2013,76,74.48064544593383
2013,97,100.458691761719
2013,91,92.036871776308
2013,74,76.68802483572547
2013,86,83.9741422106073
2016,69,68.90386999324434
2016,89,84.12344522996786
2016,93,98.86016997588324
2016,78,77.9424343994184
2016,103,107.08433563639775
2016,68,68.15594579562729
2016,94,91.48767946501513
2016,86,84.16047672219881
2016,81,77.23596837481323
2016,74,79.85569514442116
2016,91,91.28963689002495
2016,79,77.56530592664856
2016,73,74.16907975423663
2016,84,79.13514056291291
2016,87,87.40434907682634
2016,69,69.87729412126352
2016,71,62.14208724764207
2016,78,78.97147783637723
2016,68,72.15349632093054
2016,86,88.03851217996258
2016,87,90.35483315105978
2016,86,88.23917861754396
2016,68,76.94146216225089
2016,95,82.00878817937917
2016,89,91.01092610199251
2016,95,97.49979303571688
1966,85,91.08447236988995
1966,72,72.34609023717348
1966,80,75.89670973765642
1966,59,63.9979266087561
1966,76,79.10688350507537
1966,81,79.38121718608177
1966,88,83.60876056063096
1966,72,71.15915345309068
1966,74,69.12641943943996
1966,95,95.48707802742949
1966,89,90.47269868358845
1966,70,79.33858288763318
1966,92,93.11602740433153
1966,93,86.6210429749217
1966,83,79.76485174130144
1966,71,67.375858914866
1967,77,79.95058442598221
1967,76,87.28049427746923
1967,92,91.88042175506212
1967,84,78.28587735014152
1967,89,86.83327031575433
1967,87,88.41718398151318
1967,75,75.71563658727936
1967,62,65.31825853918784
1967,73,71.73427232677274
1967,91,91.52656307596928
1967,72,69.35182922352746
1967,61,58.912430753286664
1967,81,79.98995004904356
1967,91,92.85650092955449
1967,101,95.23475064082453
1967,76,70.1717521949211
1970,76,77.60061190554077
1970,108,104.51298482308023
1970,86,80.84503005082766
1970,56,61.399870055257104
1970,84,94.3701312842192
1970,102,90.3812268935942
1970,76,77.59906753047437
1970,79,74.97188529324333
1970,79,79.49340589008311
1970,87,87.33062796339703
1970,98,96.81712572775706
1970,65,66.40180363709672
1970,73,68.05804994524158
1970,93,89.25218481199867
1970,83,89.016378549585
1970,89,90.17376850366881
1970,73,66.40422855504471
1970,89,88.25923819071835
1970,63,68.95890544767059
1970,86,81.80874381737586
1970,76,81.45851821729367
1970,70,74.15666036041932
1971,82,75.30189282809731
1971,101,101.82691431878426
1971,85,83.4432882977066
1971,76,73.16965918541285
1971,79,83.5193842440727
1971,83,80.33133880123108
1971,79,81.35935636632279
1971,60,58.57117586822892
1971,91,87.33961939874688
1971,79,83.4412113147927
1971,85,83.48178962052918
1971,89,89.84048268309891
1971,74,78.896116281569
1971,69,70.46583153204607
1971,71,68.26949700280187
1971,82,82.35846385513962
1971,83,86.59690567452337
1971,67,66.89374089608413
1971,97,100.35768582667325
1971,61,64.95011982244839
1971,90,88.20530086098263
1971,90,85.69503009432854
1972,70,66.43329543199808
1972,80,88.81127952768799
1972,75,68.24441722836161
1972,87,80.03530879535553
1972,95,92.33917759882712
1972,72,72.2193340363055
1972,86,83.83439843784643
1972,84,83.8616555908818
1972,76,80.87248745931937
1972,85,84.76390875939833
1972,65,65.13553323301394
1972,70,66.15707124297661
1972,79,80.41892326935515
1972,83,73.4616453047189
1972,93,94.73808237046984
1972,59,63.40723947893396
1972,96,97.1803903470001
1972,58,57.689360822904405
1972,69,78.40044821442952
1972,54,57.85161590989693
1973,76,82.69496134275309
1973,79,77.80595518512175
1973,77,75.40338955531723
1973,77,75.72322358392992
1973,99,94.03983450413129
1973,71,66.23786731882929
1973,85,77.36671837303474
1973,82,82.48971303461094
1973,88,80.53235804419961
1973,95,94.0426356134363
1973,81,85.96933100712563
1973,74,77.83450820276877
1973,79,76.78176311592314
1973,80,83.6096360061846
1973,82,83.31403767753608
1973,94,96.22201349298642
1973,71,72.31868645404397
1973,80,82.65769340423387
1973,60,56.62419902484399
1973,88,84.424921441753
1973,81,85.1872938277646
1973,57,57.487950218205775
1974,88,92.01570730342031
1974,91,86.3742280712212
1974,84,84.09016937981771
1974,80,77.5271841290732
1974,98,97.15468686953758
1974,77,77.1595295175449
1974,72,65.83065451835805
1974,77,81.94232522541593
1974,102,106.20779211055756
1974,82,81.94949145950093
1974,76,78.62119078143986
1974,79,80.75244121860824
1974,89,86.55759766001293
1974,71,72.70655873191191
1974,80,77.62221638150014
1974,88,90.81846828318302
1975,67,63.44141192358141
1975,90,93.69589033953429
1975,95,88.25277812616451
1975,72,70.34018636873897
1975,75,74.84247759481686
1975,108,105.7042491700478
1975,64,75.52683377351413
1975,88,94.62953535895832
1975,76,78.15828142306208
1975,68,67.58563137231381
1975,83,89.95465381811837
1975,98,97.3668232073
1975,86,84.93843200740477
1975,92,96.18184273572248
1975,71,65.42023385184697
1975,80,79.14313105179036
1975,82,78.39616444813241
1975,79,78.49502427657612
1976,70,71.38178151147109
1976,88,83.1370601133314
1976,83,87.25758791551357
1976,76,71.7768444187413
1976,64,63.022856792312425
1976,75,68.86595958307325
1976,102,103.51771483758743
1976,81,79.22332400910874
1976,74,68.82434429176574
1976,90,91.65519161201817
1976,92,88.39364027811128
1976,85,84.76739007180399
1976,66,69.62597066163413
1976,55,58.099488805599535
1976,86,90.21297085239725
1976,87,90.20308531126754
1976,101,103.4772217683532
1976,92,89.39632308355594
1976,73,69.2311544360487
1976,72,75.74667894029002
1976,76,76.57007250166836
1977,61,60.19199954679192
1977,97,94.62926989724302
1977,74,79.57689311422058
1977,90,88.04913261584127
1977,81,77.19605751747207
1977,88,89.84462651217834
1977,71,74.91926880853309
1977,74,77.5073947859964
1977,81,84.59069537776467
1977,102,99.063778168731
1977,98,101.75446241723024
1977,84,89.46704583118364
1977,67,67.32865120793663
1977,75,74.2687327484739
1977,63,65.5015615069967
1977,96,89.49828396973696
1977,69,67.0215184461742
1977,64,58.01138424264398
1977,94,93.1796058358034
1977,54,58.5113796563132
1978,69,65.09007261238013
1978,90,84.15121949267233
1978,99,96.4664198595039
1978,87,84.11727240412313
1978,71,69.91815292216583
1978,79,74.67920767978426
1978,92,83.96502708557459
1978,86,87.37890825315135
1978,74,77.71342915790134
1978,92,93.04766041796813
1978,95,98.52698048844852
1978,93,95.88781091953753
1978,76,82.98690665139804
1978,100,98.59193148931442
1978,66,72.22159570973132
1978,69,62.91443893811303
1978,88,86.45799309579418
1978,84,79.65431723901511
1978,69,74.88998420455677
1978,87,88.42752498999539
1978,59,60.144967365745295
1979,66,69.66507768015738
1979,102,98.10996796986687
1979,73,77.6695421008747
1979,80,81.23238073884387
1979,90,90.17463771057437
1979,81,76.60586613890872
1979,85,83.79828578731168
1979,85,85.16702977992655
1979,79,85.16662642601865
1979,95,89.21692637582913
1979,95,93.42845823641039
1979,89,87.34414656622916
1979,54,51.169644347009275
1979,84,78.46603811341092
1979,98,96.2951557796474
1979,68,72.36003701349395
1979,67,69.8130846497229
1979,71,72.89107638482217
1979,86,86.15227974444218
1979,83,86.93017527236155
1980,81,75.2358266320272
1980,65,69.81783909612582
1980,70,65.03268763753762
1980,64,68.50195664998107
1980,89,84.90024209164095
1980,79,73.44926763145588
1980,84,88.09825206366699
1980,93,86.99579762125062
1980,97,91.92466053694022
1980,92,89.46273784169024
1980,77,75.02756681608098
1980,86,93.55493409482766
1980,103,97.09504471717374
1980,67,70.68365758039236
1980,83,84.7704613779078
1980,83,83.15153241037257
1980,59,61.032119563018796
1980,75,72.73259847628329
1980,74,83.63855750451349
1980,67,65.43426560021041
1982,89,84.57286682069856
1982,94,89.82512091357565
1982,89,85.14429361873364
1982,93,94.35589758586801
1982,87,87.85311402830284
1982,73,76.90986289037073
1982,61,68.17300849597736
1982,78,74.25933080569767
1982,83,85.29861957670387
1982,77,74.98185351026433
1982,90,86.76357984721145
1982,88,90.00102593010612
1982,60,64.32675942022483
1982,95,97.62510112595928
1982,86,90.5550913409561
1982,79,80.84074450240769
1982,65,67.4938207533262
1982,68,66.65094898648688
1982,89,82.87560167948999
1982,81,82.2550645352761
1982,76,74.18058745600169
1982,87,78.82684002118985
1982,92,88.4657552123698
1982,64,63.73654953703372
1982,78,74.38325036035336
1983,88,91.2928656386028
1983,98,95.92368215006857
1983,78,75.87496353210791
1983,70,74.79521520066386
1983,99,95.80860092857807
1983,74,71.21909700782633
1983,70,72.26374697386848
1983,92,91.78811219684528
1983,85,80.54703305085162
1983,91,87.15534720518662
1983,91,87.8567345234406
1983,68,68.0672086954235
1983,90,88.61596161831703
1983,84,82.81831112169274
1983,81,80.95111435723169
1983,60,61.00104760980383
1983,79,79.86436848529856
1983,79,77.63508827675666
1983,77,84.46018340784418
1983,89,87.15589919614908
1984,80,78.34090714959346
1984,85,82.32841508611452
1984,86,85.60091628356017
1984,81,80.19116184889447
1984,74,75.52388245924695
1984,70,68.03841683933092
1984,75,80.05018508898009
1984,84,79.01138876221238
1984,79,79.05611376354813
1984,81,79.39814895663608
1984,67,71.26246732815687
1984,78,80.9971468945478
1984,87,89.09819098477337
1984,77,73.98137177999094
1984,81,84.6408399551924
1984,75,86.61587403674389
1984,66,67.94044189457934
1984,84,81.68683990092345
1984,69,74.12008846741212
1984,89,86.96781674112384
1985,66,65.55411357242969
1985,83,85.27924105178333
1985,81,88.82966766171815
1985,85,83.25210570975904
1985,77,75.64303028580025
1985,89,81.66173255608426
1985,60,67.13738747059597
1985,84,85.01953185526799
1985,83,82.87068117825734
1985,95,92.70037379220364
1985,77,72.49004061218251
1985,71,69.3382161621457
1985,84,80.15289953256053
1985,77,77.042873690196
1985,62,67.664502098396
1985,101,99.33670716796937
1985,99,97.79655720224531
1986,72,69.2597463084566
1986,92,91.33034900191359
1986,72,74.98886750403436
1986,70,70.01774503216193
1986,86,82.62236248740638
1986,84,79.73678290035063
1986,87,89.32301808875503
1986,96,90.77205685586009
1986,73,76.29489630913334
1986,71,71.73059086643761
1986,77,73.566156567254
1986,78,75.7802761359398
1986,90,86.90244855831271
1986,108,102.17711725986092
1986,76,77.2962787565041
1986,64,76.6697080028981
1986,74,73.89383261600854
1986,67,68.7620918440137
1986,79,79.5223487744875
1986,87,84.08230498940218
1986,86,89.97690378990818
1987,69,72.72452111465358
1987,67,67.21939950084095
1987,77,80.26844814497464
1987,76,72.42184340287625
1987,84,84.06643468624955
1987,61,61.09225946473896
1987,83,83.24620916014011
1987,73,76.55026146144058
1987,85,79.14134298343154
1987,91,83.46797288622535
1987,92,94.09032758310343
1987,81,83.01452125175614
1987,80,76.29148625873182
1987,80,78.82789325895835
1987,65,70.56567133847892
1987,78,76.9574029142869
1987,90,92.15568887372572
1987,95,91.38673272821788
1987,96,99.99058246037055
1988,54,59.777120644581004
1988,54,55.03306957933917
1988,75,75.1948428389958
1988,77,77.50575882356056
1988,87,85.29704472778798
1988,78,73.22019930683776
1988,88,85.83659093725221
1988,84,86.19346735494516
1988,94,90.45296021633584
1988,91,89.44950767388771
1988,87,87.42278679834035
1988,81,85.96071282312623
1988,65,65.3515503209267
1988,85,83.49422609538914
1988,68,72.42784415384853
1988,83,86.2393099512706
1988,70,70.56054811108842
1988,87,89.82304910673255
1989,63,69.27242845912563
1989,87,81.56225815680122
1989,83,85.64753676458997
1989,91,90.90970632085416
1989,69,73.75843140533856
1989,93,89.03894967125517
1989,75,75.1951718290037
1989,59,60.91211899148428
1989,86,78.77452861331354
1989,92,87.18415187241841
1989,77,82.7396689392398
1989,80,80.67959792585188
1989,81,82.99741616494038
1989,81,81.1744142536322
1989,74,71.30750965352799
1989,87,91.07668181816882
1989,99,95.71572577488546
1989,67,69.55538669635804
1989,74,76.44935037123977
1989,73,76.85266452599585
1989,92,91.61040840211466
1989,86,84.86767878192413
1989,83,79.07063956638953
1989,89,89.61255155960461
1990,65,66.11261762912952
1990,76,76.98573813538496
1990,88,84.83505827366554
1990,80,79.52438737017464
1990,94,85.3603237833093
1990,91,91.33465439898818
1990,77,79.20154976030297
1990,79,79.05677474192717
1990,75,71.43965624383847
1990,75,80.98788368459608
1990,86,86.05454416205033
1990,74,74.71075042475978
1990,74,78.38152555504917
1990,85,88.12313848147657
1990,67,65.18761961916685
1990,91,98.31847806516672
1990,95,92.75708074897005
1990,75,80.46533788393643
1990,77,76.88493324182271
1990,85,81.67892764874722
1990,83,78.83187095239323
1991,94,91.82066775534085
1991,67,70.34741258955364
1991,84,83.14328412077215
1991,87,88.88143132074232
1991,57,60.95567240923951
1991,84,82.53948607951277
1991,65,67.865937812343
1991,82,82.17176820432105
1991,93,92.83288060311247
1991,95,93.27305906731274
1991,83,86.40834021564436
1991,71,71.90099139058296
1991,71,69.74650545495295
1991,77,80.55935893399601
1991,84,78.73785871913024
1991,78,74.70539930462506
1991,84,79.9135469417276
1991,83,83.85732426141456
1991,75,75.70361394684546
1991,84,81.00180131219615
1991,85,82.85954402137045
1992,98,93.38150100397743
1992,89,85.49410443255891
1992,73,73.59149429255193
1992,72,70.13122792022901
1992,86,85.67750499265394
1992,90,87.0066408061993
1992,76,72.91726890068968
1992,75,79.75836790784103
1992,63,70.39786327744355
1992,90,90.96689119336456
1992,92,94.97607504502105
1992,76,79.10609818300054
1992,72,75.36104884057251
1992,96,88.30163411631672
1992,70,76.61559798136089
1992,72,72.61324867631632
1992,83,84.27314365105862
1992,77,73.9262082705367
1992,96,91.0453452387167
1993,104,102.97978739974988
1993,85,84.51991278263318
1993,80,79.93875655784296
1993,71,71.59483226143871
1993,94,92.4526328084726
1993,84,81.39634541748508
1993,73,74.8699828684525
1993,76,77.82250470872471
1993,67,61.130538397674314
1993,64,64.91512849945948
1993,85,89.783169233765
1993,84,78.7376304299999
1993,71,68.42021759700471
1993,69,74.93543256018471
1993,94,86.77846149109902
1993,88,86.36506736828022
1993,59,73.1371484588413
1993,68,67.82414768610681
1993,97,94.5576379812197
1993,75,70.79243204306572
1993,82,81.63571135989254
1993,103,97.86304367202447
1993,87,81.87438316331955
1993,86,88.2615544184214
1993,95,91.39844273115166
1996,96,95.31527421689611
1996,88,86.33405335066665
1996,85,82.83440839351344
1996,70,64.4694631684255
1996,85,90.93545295225144
1996,81,81.84294873793958
1996,99,97.02249870320252
1996,83,79.04451004947884
1996,53,52.880617314567964
1996,80,79.09827577227277
1996,82,77.87817276150159
1996,75,76.5194038769443
1996,90,87.27568087010197
1996,78,78.75147756975664
1996,80,79.89179435700083
1996,88,89.11558476308855
1996,71,77.619344789785
1996,78,77.23623251390354
1996,67,67.53651181558023
1996,91,90.95435369284768
1996,85,88.91178546092792
1996,68,71.64630851403297
1996,88,86.62987434206408
1996,90,93.06709083045882
1996,74,77.5489711165506
2010,91,92.1269494651994
2010,89,88.83100481969157
2010,75,73.73162234168107
2010,91,90.8109942868993
2010,83,86.14690650275561
2010,81,80.95289462832778
2010,80,80.68257558950079
2010,76,68.55486728398422
2010,67,62.84249418940392
2010,80,78.52052710962651
2010,80,78.83533782441872
2010,77,76.25931675502414
2010,94,91.74963485419707
2010,81,84.43235881041852
2010,97,94.56906866259504
2010,57,51.77688216696187
2010,90,90.26237230287194
2010,61,59.32027264364771
2010,96,96.19983145019374
2010,90,90.22914986287371
2010,85,83.91092776597446
2010,69,71.07424711031564
2012,94,92.28055191786292
2012,93,81.66286232759376
2012,69,74.1005313193482
2012,85,88.07592248411962
2012,61,64.4168691766664
2012,97,90.19192198851773
2012,64,67.81732808003716
2012,88,87.65323158661091
2012,86,85.92012208736935
2012,69,68.7893805472604
2012,66,67.70356419030816
2012,95,95.50562544200749
2012,74,74.62763474256467
2012,94,91.18271356346463
2012,81,82.76272788320301
2012,79,77.55215170186102
2012,76,74.5900586147513
2012,75,77.37189194302024
2012,94,88.19503168737819
2012,88,93.20497948674821
2012,90,94.82351752777598
2012,93,91.8006393509825
2012,73,73.70135826050218
2015,67,61.875258769038425
2015,81,83.47567544142893
2015,78,80.85138037054342
2015,76,72.94879688635363
2015,97,90.42667167037243
2015,81,84.7526851320161
2015,68,69.9308117375669
2015,86,92.06678686702821
2015,71,73.11274393350509
2015,68,72.18643282159722
2015,87,88.2242031365677
2015,90,89.20888869974424
2015,68,77.4659703532809
2015,76,74.13009664092789
2015,100,95.54504408603849
2015,80,81.52084583022099
2015,88,82.35015572530462
1954,54,55.90369816337781
1954,69,74.94183385723484
1954,92,81.30937139644605
1954,94,96.86646027054383
1954,64,69.38145880586738
1954,74,72.79011409541465
1954,68,68.25144741160712
1954,103,100.56102383022356
1954,51,43.53587276833248
1954,75,80.93207864290565
1954,53,47.512614930882606
1954,66,72.17853125687613
1955,57,54.729187907952685
1955,84,86.35201409429037
1955,98,96.19449355145984
1955,91,94.04418587582767
1955,72,66.8142187290774
1955,75,83.45740536787993
1955,79,86.51093355840283
1955,63,51.86742130330073
1955,85,83.9236196059697
1955,80,79.89677319738618
1955,96,96.19790407252353
1955,60,54.64081445897796
1955,68,66.19679633565156
1955,53,57.503376412847686
1958,74,70.24912840237496
1958,79,77.75786347715736
1958,82,79.79905376463779
1958,72,74.56913375998015
1958,76,84.24958630032155
1958,77,81.87949067356196
1958,77,82.48982372805435
1958,69,68.2475559586075
1958,84,81.39036171247845
1958,80,79.580013444039
1958,72,67.77328823302174
1960,89,85.06613408769924
1960,65,65.9824049644797
1960,87,89.81250703106188
1960,60,65.29501488423493
1960,67,73.14648955579813
1960,76,75.7532243589166
1960,82,85.88977189454454
1960,88,84.63459290641002
1960,97,90.12595928181854
1960,95,92.19380239401363
1960,79,83.1608596625724
1960,86,79.94608622074566
1960,73,75.28756635520215
1961,95,93.57217644080949
1961,86,86.2386622665298
1961,93,83.11175689644803
1961,78,79.61541001624153
1961,101,99.4589852615562
1961,70,76.73488015236917
1961,89,82.06407459488427
1961,83,83.65350121104476
1961,109,103.71662361149016
1961,85,89.94708077881337
1961,80,81.39126928985438
1961,61,64.30288693028548
1962,77,79.51314621263482
1962,76,75.99662559397444
1962,85,86.94610464215583
1962,59,61.7463922393338
1962,98,93.75209240205456
1962,85,88.02392301731662
1962,72,71.91690930500945
1962,86,82.57653938854419
1962,102,98.54170471674422
1962,91,90.99604584105109
1962,96,96.09900595658692
1962,93,90.10568267594562
1962,60,67.68410696082468
1964,97,93.8608936705266
1964,72,69.94080242288554
1964,98,97.49203582617889
1964,76,71.27677729367312
1964,92,92.30890481142612
1964,79,81.95754540333579
1964,85,83.43807886127446
1964,57,58.188839462749286
1964,82,79.55979847829148
1964,79,88.33068164320136
1964,88,86.72291874979689
1964,99,98.86231458584518
1964,53,57.29142088909164
1964,92,87.55853799194536
1964,90,88.61492191846273
1964,93,87.51964047157801
1964,62,63.718857126633736
1968,91,91.1484830019061
1968,86,81.20883673044509
1968,67,65.78208024111964
1968,67,72.23694987596865
1968,83,83.56012574992522
1968,86,82.65571939603936
1968,103,102.9434125204769
1968,72,70.26033225493092
1968,79,82.7439167339673
1968,83,81.88817740560206
1968,73,76.71519248251988
1968,82,83.65364137809163
1968,76,72.6059398085112
1968,80,87.60873035330438
1968,97,94.97959811154637
1969,109,108.35483949207487
1969,92,92.87646106553511
1969,62,64.58214584733818
1969,90,91.76153679774555
1969,81,81.84493333191371
1969,69,69.21843965767366
1969,85,90.5569608379381
1969,97,98.58935783882728
1969,52,57.68128193336985
1969,80,77.05108012556263
1969,100,90.7413633514996
1969,88,87.11905593492145
1969,63,69.9369985823375
1969,88,88.2160917164078
1969,52,48.529548135228204
1969,87,87.4486423237605
2014,96,92.73003030744779
2014,71,73.42492419575804
2014,73,70.72859287215186
2014,73,71.5088361504972
2014,76,79.58955416536156
2014,85,83.80730847469147
2014,66,73.73042342944868
2014,90,86.84682094493695
2014,89,83.93565456956141
2014,98,96.0316127914486
2014,94,92.49620980755545
2014,82,80.4202311858088
2014,70,73.75900364955177
2014,84,78.75774425543146
2014,88,98.22269567605927
2014,73,74.70221384844342
2014,88,87.02766736421194
2014,77,75.77330501252162
2014,87,90.20546307694498
2014,88,86.56539538900944
2014,90,83.1836870186492
2014,77,80.65592478990627
2014,83,84.37758226888117
1904,95,94.05436532294179
1904,56,60.434939969869674
1904,55,46.89908879557216
1904,89,90.14405820705026
1904,93,85.745999898517
1904,88,93.22552545952271
1904,86,94.24539629619422
1904,62,64.10297194530294
1904,106,106.46596481597857
1904,81,82.95607547288824
1904,52,52.274542534572184
1904,87,84.31185921533184
1904,65,61.91329611741685
1907,59,65.49523442245662
1907,65,64.73769234818697
1907,58,56.56087914007035
1907,87,91.4939937337944
1907,107,100.19995362317329
1907,66,77.61755786562593
1907,85,78.51004834715707
1907,92,92.53019229399052
1907,70,68.2106768817948
1907,88,82.95429974616965
1907,69,74.13264714180353
1907,52,51.261621497739455
1907,49,55.27271134541293
1908,75,81.86559458193355
1908,53,55.854492191935876
1908,63,66.79614690437178
1908,99,97.98488389062159
1908,73,69.38565314308727
1908,90,90.74643005383099
1908,90,87.14852512751669
1908,98,100.58418775004812
1908,51,47.45720951272821
1908,68,67.98784992896081
1908,98,90.1723131746302
1908,49,43.797330588553265
1908,67,68.69817287746508
1909,88,79.72388308017625
1909,55,52.91600950415882
1909,45,45.436221297082064
1909,78,82.35622321207765
1909,104,105.60184472296115
1909,77,77.71248871205546
1909,71,71.32469562796703
1909,98,97.34187460222384
1909,92,87.75094205464507
1909,74,74.25266289912692
1909,95,98.30076788998625
1909,74,75.31204076247113
1909,110,103.50829535834595
1909,54,58.68405292015749
1909,42,44.020313274192624
1910,81,86.48956161794106
1910,64,61.426094089013574
1910,53,52.659233858366775
1910,104,98.52435693130673
1910,75,69.85388142305318
1910,71,67.4585315554862
1910,86,86.3812397096771
1910,91,92.51943167818558
1910,88,83.77043490354195
1910,102,103.7316004005104
1910,86,84.59310123453383
1910,47,44.10560876555592
1910,63,65.47034293794064
1911,78,80.14920588273074
1911,64,61.361309445913946
1911,44,45.18960330445492
1911,77,86.58437100200187
1911,70,75.24789045539515
1911,80,74.41634764437104
1911,89,81.3011360323964
1911,99,98.15607800901691
1911,76,70.98178742398105
1911,101,100.20452607595612
1911,85,95.60874368164997
1911,45,48.58373576905847
1911,64,61.63758135282336
1916,91,84.98425464349744
1916,89,88.59610251580128
1916,67,72.98304621166766
1916,60,62.90276507935751
1916,77,79.6100633753294
1916,87,84.44847865577408
1916,80,78.48993613212107
1916,36,39.058720685706824
1916,65,64.24966750014505
1916,76,76.621111620317
1917,90,89.56524334035551
1917,70,70.19996378751725
1917,72,74.97047399562808
1917,100,98.54471441274939
1917,78,76.26473641594131
1917,88,81.12464573040202
1917,78,83.55093237922523
1917,98,97.87813213523232
1917,71,72.50375211095398
1917,55,57.18657232072753
1917,87,84.85697223100233
1917,51,59.8024235739322
1917,57,55.90827402426447
1917,82,70.63744030734863
1917,74,73.77608714446156
1920,72,72.98718551121674
1920,62,60.37128517122275
1920,96,90.05387638249879
1920,82,84.91313170518022
1920,98,97.47663546522111
1920,61,62.22967630706927
1920,86,92.75182763722886
1920,95,96.88965611854776
1920,48,51.01403017317452
1920,62,61.77212184463039
1920,79,74.77072916084163
1920,76,79.22142639423907
1920,75,77.05701431405404
1920,68,69.62496410979305
1922,61,59.164195420936394
1922,76,76.78141380062542
1922,53,55.24756839327256
1922,77,77.16143643518114
1922,80,74.34196584345949
1922,86,86.976623401494
1922,78,73.35865782040317
1922,93,97.18981217332299
1922,57,62.745767930132445
1922,85,89.80538054422863
1922,85,80.9406257487341
1923,61,54.79395976143705
1923,76,78.51095162173992
1923,54,61.06242313474124
1923,69,72.6871576162032
1923,83,82.21701991073095
1923,91,86.04710821351323
1923,82,89.57527864563373
1923,83,85.49965066294553
1923,95,92.5459869412523
1923,98,95.011077362951
1923,50,55.56391081127026
1923,87,85.84588006530154
1923,74,74.26036809233516
1923,79,78.60982797961589
1923,75,74.70617562411759
1926,46,49.94101094039128
1926,71,68.18391133370062
1926,66,65.93162819262876
1926,81,83.45725153314854
1926,82,86.0571253893375
1926,88,89.01883095555041
1926,79,75.50658477812539
1926,74,75.33642003715386
1926,91,89.72741712463704
1926,83,86.95806966287795
1926,84,86.48313802072337
1926,62,60.683468432993976
1926,89,90.94168027788483
1926,81,79.7764809642602
1927,51,50.57171919627349
1927,65,67.11358036942153
1927,60,64.11605728022674
1927,70,71.80326363869618
1927,85,85.01596044758134
1927,66,66.65233641101408
1927,82,82.159797136715
1927,110,110.5463134293543
1927,91,88.43269840605473
1927,51,54.948897430440894
1927,94,92.7989974798643
1927,59,59.00393053816333
1927,92,85.30844286838234
1927,85,83.5519444565359
1928,57,58.03182582386485
1928,77,80.09467466863177
1928,50,53.83520191088809
1928,72,70.3519601967351
1928,91,87.55884015811763
1928,78,72.7185110362045
1928,62,62.46845125972706
1928,68,71.24583255265773
1928,93,91.50121623986014
1928,101,96.54064348668209
1928,98,97.51744424806144
1928,43,49.36563239271615
1928,85,87.94373572156695
1928,82,78.91319495291259
1928,95,94.1087363870141
1929,58,56.354660668500614
1929,70,65.40093719877908
1929,56,54.60659567193595
1929,59,60.09470831144263
1929,98,97.96472077789598
1929,81,73.68887626639177
1929,84,93.04613345402768
1929,88,89.39208423745104
1929,104,101.10192522345487
1929,71,63.53610481931862
1929,71,72.34304107452982
1930,52,55.56223630882408
1930,86,89.32380803420243
1930,90,89.94073817840234
1930,59,58.45230612754197
1930,75,71.75982143645003
1930,87,89.73134366638344
1930,102,95.17042779707288
1930,52,56.244567847534285
1930,80,73.44410776981051
1930,64,64.06838637657913
1930,92,95.886385939989
1930,94,94.3233985819834
1931,62,58.13248283648419
1931,79,76.61756187637701
1931,64,60.26530457038178
1931,58,61.044263275130035
1931,61,58.56655420982195
1931,87,93.59755029632598
1931,94,103.4014591826134
1931,66,62.232254267725594
1931,75,71.86702655373105
1931,63,62.57738270612982
1931,101,96.62346066007382
1932,43,43.027797687186194
1932,81,77.03461637573521
1932,77,76.46593617744767
1932,90,86.34727707804373
1932,60,62.623813569548304
1932,87,84.80301209421769
1932,76,77.05193072616017
1932,72,81.92132119557095
1932,107,102.7366088046924
1932,94,96.63520933047771
1932,78,79.46444931882819
1932,86,75.69443529394208
1932,63,61.821593248569705
1932,72,75.45528053344431
1932,93,87.9832695675667
1934,76,79.35630634036042
1934,71,72.23174291948982
1934,53,53.93597254118574
1934,86,82.4699937416616
1934,52,56.15427968200445
1934,85,81.61527100855065
1934,101,98.06495406006621
1934,93,94.085176922665
1934,94,93.34220787284504
1934,68,68.03047442121073
1934,74,77.4764851114471
1934,67,63.54369834245925
1934,95,90.77398079525882
1934,66,70.02327794721974
1935,78,74.67056097606155
1935,38,49.04180141054214
1935,100,100.55083963923208
1935,68,63.448280093318886
1935,93,98.25784590691143
1935,64,59.02299563287187
1935,86,86.22832372740656
1935,65,57.56948164504813
1935,96,96.2890826024709
1936,74,78.02863968234264
1936,67,69.08148260514595
1936,71,68.41617454244548
1936,81,79.11588870859258
1936,87,91.96799281453818
1936,74,72.61289904462964
1936,80,83.52050624332736
1936,83,81.68924838141513
1936,92,89.1680986425466
1936,102,104.68923781599887
1936,54,62.36795114307413
1936,84,86.25095077988972
1936,87,78.40285597151113
1936,82,83.44170404875142
1937,80,80.54762890458925
1937,62,61.3141343282004
1937,79,77.38946511026569
1937,86,80.6972082055579
1937,56,66.40935396919257
1937,83,82.34063654508934
1937,89,85.47687936255228
1937,95,89.4515843867505
1937,102,106.5878087969958
1937,54,61.294698732086644
1937,61,62.543935839593956
1937,86,83.22776772362464
1937,81,84.57668788726053
1937,73,71.02952198359266
1938,88,86.66421854570247
1938,69,74.39690460169861
1938,77,69.84382804791886
1938,89,89.24823697331375
1938,82,83.30314702149217
1938,86,81.81489511726515
1938,84,82.01589596321551
1938,83,82.98498994683202
1938,99,101.63023744769215
1938,53,54.85769718144197
1938,45,46.50722893592853
1938,86,84.19728186126673
1938,71,78.08871027967713
1938,75,70.67927140449258
1939,89,83.99328366720562
1939,63,66.56335875974287
1939,84,82.55281565268885
1939,87,85.20290766720349
1939,106,110.43632124295571
1939,55,48.416069568116754
1939,45,45.26004239739214
1939,43,50.013991407101074
1939,92,90.97011517740728
1939,65,65.9700265479012
1941,84,88.40333080323272
1941,100,100.04914294612311
1941,62,64.25737786615343
1941,77,77.04241920064764
1941,88,83.55794870726363
1941,75,72.12212323932391
1941,74,74.4013278622112
1941,101,97.65770253901815
1941,64,63.263077224667626
1941,43,46.66294508511229
1941,70,72.0351244269835
1941,97,93.06194438211159
1942,93,91.2902027532298
1942,104,101.3317461371526
1942,59,60.90122724437452
1942,68,69.67014180170922
1942,76,75.7092675917593
1942,75,70.46675168324344
1942,73,77.79701788312242
1942,85,84.75417821849457
1942,103,105.8954932156993
1942,55,50.80673884701839
1942,42,40.57489603237572
1942,82,83.58068757696341
1942,106,106.2896635040785
1942,62,58.745563816692325
1944,77,83.55462714834209
1944,65,67.94252126742371
1944,71,64.12761583453015
1944,88,86.15596382729797
1944,67,68.03437961952915
1944,83,83.52910445973963
1944,72,68.17842372314905
1944,61,63.480542938028776
1944,90,87.21858225816149
1944,105,107.98145509309437
1944,64,68.61759906459565
1945,71,69.59852761836046
1945,71,70.28605135200979
1945,98,97.96323553889832
1945,61,60.15096510823093
1945,88,85.49292949972514
1945,78,72.77777094363586
1945,52,60.21931859820246
1945,46,45.462143305136976
1945,82,84.22894069654119
1945,87,84.41682073713027
1946,104,97.33409743820444
1946,81,80.59554911435308
1946,74,74.18213278232804
1946,61,69.02912484761123
1946,87,91.5406566179971
1946,49,60.13172924045199
1946,69,61.87879940717109
1946,63,64.56224726422303
1946,98,96.71392746964183
1946,76,67.53398188873305
1947,83,83.97466526123056
1947,94,88.47168520825768
1947,86,84.48014260579761
1947,70,66.1718160640502
1947,69,62.418429754007256
1947,80,88.57441970895471
1947,85,86.75170236562161
1947,81,82.88675556797833
1947,78,79.00189706043095
1947,62,66.16679776093845
1947,59,59.26876369824566
1947,89,93.6600602264925
1947,64,57.67062905302443
1948,96,93.7881384099513
1948,84,85.82593105732138
1948,91,92.6997265639173
1948,64,66.2640462203292
1948,64,59.80547344423205
1948,97,103.81906906766652
1948,78,75.20369523914414
1948,94,97.36641365240204
1948,83,77.73923891915841
1948,59,59.626844509807114
1948,85,87.17411954410134
1948,56,54.59479336919093
1949,96,97.87503066925025
1949,97,99.0451783347851
1949,75,77.99822644855995
1949,62,63.92585795567764
1949,87,86.99236553662834
1949,97,95.7939709860969
1949,81,76.52293755507534
1949,81,75.40423576703341
1949,53,54.442166412178125
1949,96,93.92070582071585
1949,50,49.17182411103323
1950,94,93.96585839418472
1950,89,88.57125449293082
1950,83,81.78721154148272
1950,60,64.06127706708723
1950,64,62.91939674192835
1950,66,67.65152847675127
1950,92,91.83831692393606
1950,95,89.24947032653668
1950,86,85.41431265947502
1950,98,96.44340187635976
1950,52,53.64251708894308
1950,91,87.55038934379525
1950,57,60.8212821117812
1950,58,53.7362171324541
1950,78,78.44102571802851
1950,67,63.62787390625266
1952,76,77.91555431819302
1952,96,94.2014807713214
1952,64,67.77492815715449
1952,81,82.20853857507296
1952,77,76.26891852016243
1952,69,71.23443076238328
1952,93,92.92848604278623
1952,50,58.538021778155326
1952,95,94.1394610055533
1952,79,70.47616428352421
1952,87,87.7449906809622
1952,42,47.093463503512766
1952,64,62.78117084241501
1952,88,81.34718124883034
1952,78,76.12940355261865
1953,84,78.4491131827309
1953,105,100.24288665550424
1953,89,90.10058528462224
1953,65,56.32404820526832
1953,68,69.47717633222014
1953,92,90.89354663518426
1953,60,57.78884452747383
1953,92,92.94876460139551
1953,70,79.40508175256909
1953,99,98.78091009071679
1953,59,61.162884178377226
1953,83,82.56159058385624
1953,50,50.69467493442148
1953,54,53.59413326509234
1953,83,82.84092465871811
1953,76,82.0706862448188
1956,84,79.91548073792703
1956,93,88.80667086995982
1956,85,90.61257863964379
1956,91,88.06023977483626
1956,88,91.14310876845231
1956,82,85.41022275471678
1956,52,54.91938063465052
1956,92,92.198899134031
1956,97,97.56953772476537
1956,71,70.41020699514809
1956,76,75.57356975799748
1956,59,51.6862576335203
1957,82,81.90388035339059
1957,84,87.98806955810373
1957,62,68.11193444513471
1957,80,74.65537599006151
1957,78,77.395098464515
1957,59,60.3618427705515
1957,95,92.93427435470187
1957,69,70.89729037777141
1957,98,96.8767020631162
1957,77,74.48282413300828
1957,62,64.78054114969557
1957,55,56.53239037403831
1959,75,79.09768689639705
1959,74,75.46549242551622
1959,74,78.94876372479631
1959,89,86.47116056604804
1959,76,75.8864536936824
1959,66,68.33588162412732
1959,88,82.34874810057775
1959,86,89.34754823405922
1959,79,82.48246661589587
1959,64,63.63176264786023
1959,78,74.27337691519357
1959,83,86.27211607935318
1959,71,67.78415417600053
1959,63,67.08941855358796
1963,76,75.97995624077627
1963,94,96.09632275196893
1963,82,78.89005242181955
1963,86,87.22015584035668
1963,79,74.04245411680995
1963,79,80.9869909397963
1963,66,59.3302363942364
1963,73,70.88539341186508
1963,70,72.94820049295986
1963,99,92.5028561146664
1963,91,97.46625581465312
1963,84,89.50545430527458
1963,104,98.73126314802805
1963,51,49.752396147801726
1963,87,87.6598905581779
1963,74,77.45856863803238
1963,88,90.32818847136714
1963,56,54.84352174622119
1965,62,68.54180227296297
1965,75,74.9021688538287
1965,95,91.9566805396266
1965,72,72.14158823678493
1965,87,87.05600176099271
1965,89,89.54849471854376
1965,65,64.61534555992526
1965,59,61.614008348474684
1965,97,91.56253332613434
1965,86,88.87541915084918
1965,77,82.1725943818421
1965,50,51.47560161521638
1965,85,80.3114053436002
1965,90,91.76903779362577
1965,95,91.48398818340564
1965,80,84.3443584465496
1965,70,65.51442113128437
1905,48,41.585499702074806
1905,92,97.81671353785761
1905,92,101.75735968875321
1905,76,74.58813113500192
1905,79,64.58391577662243
1905,105,105.63974466747327
1905,83,86.31357188283003
1905,96,88.74113789938667
1905,54,64.95779537381873
1905,64,67.56223068751429
1912,58,65.31721852495737
1912,52,59.56162641485565
1912,78,76.92936591203953
1912,91,83.98302715794107
1912,75,75.15248077855516
1912,69,69.86893148927906
1912,103,101.77467852484824
1912,50,52.72398160745004
1912,90,87.72698161812576
1912,73,74.27372543030049
1912,63,59.7517360129276
1912,91,88.12278498195155
1913,65,71.9721079226928
1913,69,70.10151422264086
1913,78,73.89778069652183
1913,88,85.51080103248441
1913,64,65.06619622006102
1913,86,86.88747639135359
1913,66,65.21267681570397
1913,101,96.22168337117377
1913,57,58.34500777707317
1913,96,94.65330948012243
1913,78,85.8650396980502
1913,57,61.218320167257595
1913,51,50.49824113706728
1913,90,79.98640455837052
1914,75,76.54843251104282
1914,94,88.4608565375141
1914,70,67.8223173465871
1914,78,73.44695341278205
1914,60,62.25706780923953
1914,51,58.30362664357907
1914,80,76.00647331824553
1914,84,86.88411943241663
1914,70,73.50935021494598
1914,74,72.53201199770422
1914,69,72.4854777342888
1914,71,64.5259401542835
1914,81,78.64066099774342
1914,81,83.61393962468833
1921,77,74.3782508668621
1921,79,78.27467461424659
1921,62,60.871353379116286
1921,70,73.8804210137116
1921,94,96.41475041011849
1921,94,95.6018893055397
1921,98,98.03048630372155
1921,53,54.19933239629296
1921,81,75.94429247782418
1921,87,89.21086665603048
1921,80,73.41608519920851
1924,92,81.6355774757719
1924,53,49.299154943510786
1924,66,70.2161939823864
1924,81,76.22056073897237
1924,83,84.04099957941793
1924,67,71.24636802437661
1924,86,83.47355214841426
1924,93,96.97486453709587
1924,89,88.92564809450023
1924,71,66.27499755806421
1924,55,59.49727381100594
1924,90,90.05104895318131
1924,74,72.23398880468277
1924,92,91.71534890217585
1925,68,69.92785878553515
1925,70,66.4375745754115
1925,80,81.89451039822283
1925,81,84.7136922790914
1925,86,79.55374934510523
1925,69,72.16017934983915
1925,88,86.5888428626191
1925,95,93.96671143631914
1925,82,76.20884944505306
1925,77,81.28408087345505
1925,96,90.69954075111863
1951,97,95.82343571986804
1951,76,82.85108063977994
1951,81,83.75067102796481
1951,68,65.56752363888069
1951,93,88.01922934044458
1951,73,71.13279485806693
1951,98,91.76071007753741
1951,98,93.67775224448759
1951,70,74.0526638251535
1951,73,76.52816216965283
1951,64,61.85129834743934
1951,52,49.329283558111655
1951,81,77.89552070945653
1951,62,65.78013779728649
1906,49,44.33788631615424
1906,93,89.51452377917037
1906,116,112.05091261186116
1906,71,64.21978220595336
1906,90,86.14127722870644
1906,71,70.79310850387294
1906,93,93.64923864999069
1906,76,81.99421162723102
1906,52,58.223998522727044
1915,83,82.00873287237332
1915,71,69.00389320269554
1915,57,61.32894977202478
1915,100,94.60639327277246
1915,69,71.36867923720862
1915,69,74.38881180972226
1915,43,41.49769163867545
1915,73,80.51411247829397
1915,63,58.07381639866483
1915,72,75.48461024553936
1940,65,63.114301489648184
1940,82,83.55445969065056
1940,75,81.84124857609302
1940,100,96.31930070032408
1940,89,85.2803015718082
1940,90,93.23155182684445
1940,72,77.52259407010874
1940,50,48.827810198956335
1940,67,65.07529933989693
1940,84,83.27197504454118
1940,64,62.44669320827909
1943,82,74.90266904832716
1943,87,84.03564983474365
1943,82,79.02115125406058
1943,78,85.0004013673265
1943,55,60.92426785226108
1943,98,91.81016473284943
1943,49,52.978594605869375
1943,64,64.63003651483257
1943,80,85.59891952137546
1943,72,75.44467640832701
1943,105,101.36144029055693
1943,84,83.0609336317936
1933,75,76.39652744626876
1933,91,90.60343226048909
1933,79,77.5354885631823
1933,60,60.321324103187685
1933,55,61.459068817118116
1933,99,93.34932835325297
