ridge_oof,lgb_oof,actual
83.61075979354247,83.89846536922438,84
84.04314049765067,85.78128886925737,85
69.59611276810857,66.53674044014872,70
81.86405963686713,82.70574605291745,82
77.1308738947116,76.12761393537507,75
101.44079841671486,104.16373218080115,99
79.45102475223304,78.1986087794149,77
91.50549406259071,95.11000980920302,92
66.52973181457072,70.02871011821135,65
101.21110214396947,100.22882477714373,100
85.03477965794899,85.79998043839302,85
94.04078527100972,94.88338397775988,98
84.35166984752138,82.16853726127161,84
53.31050893708371,52.45837823176019,51
69.22522580981624,69.83916000093653,77
78.25020442046545,80.23796917080152,76
82.78322036995961,84.66361430075894,90
81.17570868060245,82.39262625353162,82
73.50692057453362,73.25525047672156,70
92.0883803240785,93.36518372764671,94
81.00990424373404,78.55295532274846,81
66.66570747040052,66.32762058962793,69
90.98179899431913,93.49879978303095,85
79.91853446491297,78.12166252569553,77
75.0077823145162,75.43306879991536,76
76.21217314409859,76.78323703408996,82
67.8888202493818,69.37545598859164,70
83.59049431939266,80.1239149170034,76
88.86605536293229,90.55550493834006,88
61.73754378789513,61.388309963325234,67
70.13929500454033,70.07941314982568,70
61.24284653090254,63.59370601873076,61
65.36072256201993,63.48665186293448,69
69.43745163020945,70.97714064000537,66
76.63740915279759,73.5706177126923,81
88.66960693463403,89.52979815447897,89
92.63543364558925,93.00642359904205,88
81.69319049746355,80.9940722098369,80
63.882432748317335,60.998518954166144,66
69.77691963739973,66.86865005994969,72
72.65618397006256,73.30071594376197,69
58.57593886504247,55.667510907842995,54
68.05939991182254,62.69518194149747,63
64.46821394097071,63.866214677100665,65
93.11312591930837,92.06314374628859,94
93.73776445256857,92.71765959793515,98
102.14050372777086,101.1395848860012,104
94.84347776714456,96.72519018561974,96
100.8099361755159,104.69287355791188,101
104.79074718532989,104.09359226453117,106
99.30175351234276,99.60994152825603,103
88.77790539280791,89.61746281607354,88
99.01523396103552,98.87934499900308,101
97.45753216030761,99.7139536883636,101
94.60879242133495,95.993238701781,96
84.47495075035113,85.46044290424405,79
85.35052153751568,86.02241116457127,84
73.3935684950216,69.99534689949934,72
88.47169361874536,89.56004453048995,86
89.17294346785212,92.66909121765276,91
91.96376954977706,91.31364104486613,94
97.0795671292125,95.04331728077541,96
63.5423870946152,63.746829200029254,67
53.6843866284133,53.490820456339634,54
54.45748317837885,54.19392287973493,57
71.92143984622845,72.53555108985594,74
83.80272758372732,79.01231878192864,89
93.87542980429771,94.14856057907724,95
79.0062421158556,77.88548843086376,77
95.15634707859554,95.98052050598972,97
87.69584717460444,86.33790605761644,76
90.67519012903549,92.80700757121801,91
108.43304440666097,105.39644202843068,109
104.87601191495234,106.21368109041958,108
100.47467632529502,104.21174796262967,101
87.12358021381561,91.10535831159832,80
85.78154535923758,87.65112765717215,91
93.18967047905056,94.60334441201344,90
83.60491727566753,81.85590728091019,88
85.7861725095906,81.04047687115484,90
97.58554439577908,94.93258727974296,102
90.90174544964279,91.81830084482533,94
96.03830701400368,98.2583781385911,98
83.75058975494619,82.34256239488472,85
85.258839811915,87.79037195930589,83
66.66259937685197,64.6769873985922,67
54.60123366577176,50.20806295668892,54
84.23675080661452,81.26267505014424,87
79.17602076978764,78.3092953289955,76
72.51592172152317,70.58193219054665,67
89.6158830821603,91.87668318001685,89
86.53091815309033,86.02414458037309,85
88.63536316856066,87.65814956265947,88
98.59653714090706,94.746246408655,98
83.61665693984337,81.58902486245525,79
82.72862436405099,80.16838005659888,78
70.43359617039008,68.36879700579514,74
65.47090241694207,63.89873880502918,63
69.05398771695688,68.86008460071834,67
73.70887786511946,74.12093225899069,71
72.37419495024125,72.59730568508333,74
67.278904838854,65.06308286961594,70
68.20072702921686,66.54080903558423,69
71.24841941638073,73.70909969933231,68
65.61270840115588,64.97507613043028,64
86.48734324358986,88.13192457235003,93
88.59774424520538,89.1006463532861,85
93.85791302603249,93.72239335630289,96
82.33181490085582,81.73961948434513,81
85.83337431686935,86.78249948762979,89
94.32760942145971,93.16384908171379,95
66.16378084765411,62.047915775435584,59
80.66323987505211,81.23429921839652,75
79.4662609702144,82.70043095374811,88
85.25786883359731,83.90122934083709,81
78.07844869623344,78.92414558294927,78
86.54554926731198,86.87701030423146,91
91.5848517731511,90.40471231788635,90
74.068215276639,75.93536669884112,72
57.34561301684562,58.96913598837146,61
56.09056716036342,52.398965028800895,61
48.337202805324495,47.96615493257628,46
50.560996224021764,48.25112518813565,51
57.860431551423204,58.38182195074765,57
56.850092363925334,59.37326726121765,58
55.63926451811913,56.7405445066323,52
57.728936983903154,58.49399390140655,62
40.292635055686205,47.85676308657307,43
77.9867281388346,79.29728500597503,76
76.19421689367198,77.7663971857465,78
77.16802121807277,77.04724506570555,74
80.92406081181464,81.81998216880271,80
87.24142147232074,86.18318745763621,88
85.26224083140633,83.13994796693392,89
86.43707391272676,89.2376018867227,84
92.52301650484203,90.91679866221787,93
81.99080992241058,81.40359619626872,77
68.35140960861722,67.98989069612593,71
96.81150404325629,96.48227334880328,104
83.06132473222837,85.54616418333578,83
92.92991820144715,92.9205072031057,96
98.61612441740469,98.91267114634071,96
98.37209461322685,98.96460747960272,94
79.87788355838362,78.3685626790557,76
82.02015757855587,77.1503979155713,84
74.92286369575115,76.7228752162671,69
89.39527712626929,88.57872375797956,84
80.6880647978345,79.30189347562394,84
82.64929864948223,82.60946035097173,82
79.62948337487427,78.72401935238425,79
79.43686356212842,77.71909322898917,75
66.12927711889542,66.12234446423946,65
78.17599793335295,75.34989029582685,76
75.84135426788947,76.50594910099014,76
70.03182104604768,66.68935489788959,72
67.15914167457714,62.779452698137916,62
73.33592376400507,76.21377771897488,72
94.96390081368934,92.36870692579342,92
83.59095108790322,81.62238614027414,86
85.02638584828637,82.37743741539802,85
83.54057625800921,84.33185117649863,84
91.14708010577345,90.95119217716321,95
86.80044557926635,88.08319065598778,83
95.5821464195723,93.32640409599648,97
94.98695172397862,96.61984913246931,99
83.79303225642545,81.41973526666277,89
78.66372432474031,76.17994882733673,78
84.33779070214155,84.13686361887528,86
86.44625246292456,84.94494479463974,81
85.32441696543486,84.65180554971803,83
84.73010009976241,84.72345566558693,88
83.75959248322967,84.58450401879935,84
74.32409714938919,73.06964589503814,73
80.3882173647922,79.32951086048826,80
82.88593689947548,82.43246384291963,85
79.98546483925004,79.64608366935789,78
95.61189130898529,96.6856148192686,92
92.95198138302264,94.32408290575474,94
86.68176677656602,87.79712112340816,85
84.8622564076144,86.84756786565308,82
99.02582596516282,101.49686424273708,93
92.78547322398097,92.48788449615424,95
83.07725288181778,83.8711667172457,86
98.92624398451082,98.84170299691336,96
95.4473662956687,96.23337458476429,95
88.3349075487139,88.32272045812589,89
90.54528721682512,90.3331923695807,90
73.24712427973046,72.98927053817856,69
94.02341616399951,92.00219267465076,97
73.01646617958714,73.75173218156397,71
79.03425067008762,77.8827146024711,78
95.73809868853186,95.52901494278582,93
62.56156250036116,56.80769057417577,56
44.465025100934135,47.86700659652842,48
66.06513135091006,64.14811008704199,65
58.650124125499616,49.92803762181182,53
56.172844336894116,52.506421559779625,55
64.4743312436157,57.97917838915032,64
62.95758973417381,61.152066355707966,64
64.75362573525373,64.68187895617585,58
71.07568770646955,71.00192666924866,65
75.86992659080005,77.2800477722289,75
72.1915990753557,72.81065516119898,70
73.990781718759,75.24403371319751,77
74.76679208551856,74.97095453294372,76
76.58946367399756,80.19831842559633,76
80.11047267249238,83.10121906441383,92
68.08702888522768,69.96229414949211,68
67.39693665138672,67.6613611058323,71
65.00639436446815,68.790399064786,65
79.20610593261806,76.9689543073878,77
66.64269774408204,68.2646322032692,70
88.22638307327303,86.47255578598966,86
76.13824788754944,75.13142390953648,79
76.28878776763378,76.37765493302983,81
70.5170544738157,73.95619903562003,71
67.75622573291749,67.41207280342245,67
57.579079966800165,58.59712742728074,62
73.13456443830142,74.61808246192581,69
98.1270060684989,104.06159177074498,100
100.8205099604287,102.8450253003994,104
90.41106521897001,89.7847292704085,94
84.61830023938691,85.38509232417097,84
97.47371362672342,100.1373319574043,97
90.33811639489441,92.27334858717734,89
93.29447115427291,91.02778957638549,97
94.01009048923984,96.21591703076301,96
101.47379694858748,100.81517808782345,105
86.85931810149084,85.30732361677465,92
99.60681685949162,100.66604550679081,98
90.97509952892442,90.30803459827314,93
88.66410670948382,85.3398001768249,84
49.24715496325432,46.84930709212199,55
47.558248804510384,46.44591357933826,49
59.050195182132434,54.68566646805546,58
65.95970442645657,66.52076769510008,63
47.38957769731846,51.522094981584765,45
51.28253179573251,53.81691424760846,53
47.03818503032799,51.30955304630316,44
60.67447155442052,59.32258973852392,52
70.971082338339,69.99611849700777,69
89.14281954798221,93.51404414686571,94
83.48694953737693,85.23409037864798,83
75.66658639561408,70.77817881172939,72
60.94985034125095,58.616394843732074,62
77.86051037924358,79.56971003461283,79
53.43738900574155,48.92353591823936,53
58.08406737115084,58.427997703696164,54
48.262849513945426,48.83328998672303,53
64.65351679226409,64.45915728528736,70
64.50209375945556,64.61841958367546,66
62.11749574296978,64.10815514579498,60
52.930342964397056,49.45693022945801,50
57.15314006118328,55.9905762815548,56
59.63263164096957,58.063623987052246,64
74.46138706116066,74.87691282398909,77
45.506686660759755,48.87535722926391,38
66.64763150043753,66.0048778887947,71
77.18483960040876,79.11819545812813,79
70.57776242323247,68.61070865381772,77
65.76334010374568,69.08076911637839,63
64.00328631093366,62.1304689502965,65
60.78194331502665,62.0873091001759,62
59.65983405382951,56.8892376487912,59
67.29246916588512,65.75873519407753,65
77.88770818058279,79.4544354965785,81
82.37300289083191,85.19753261992395,86
91.41954551979727,90.65949133218102,91
75.88893803410032,78.83569786753087,75
81.95699060329706,83.0594121269634,83
82.70906118623547,81.86809269179464,76
68.17921850554356,65.72214779302728,64
75.8330731313209,77.3988295392429,75
79.1426334044516,75.14864327312597,80
80.09359707572044,79.9510481421275,84
65.73794082462922,65.60299668141472,67
83.31327744400652,82.49027738538592,86
74.32165703668335,74.5805771618584,76
65.16834400371523,62.194202510049585,75
76.7881410103569,80.28328306571589,79
69.7449298319873,70.61352149288165,72
72.09966966543251,75.77082835168041,76
78.58189490011459,79.44191893291267,74
84.4101552781978,83.80697495344307,87
70.17547892020275,67.92162374984913,65
93.54106978179894,97.10857258563432,93
75.12737330749772,71.3954917357299,70
79.66678732346442,77.1887972760337,81
92.8911671713968,94.2411276244731,92
75.97759419581553,72.26480658607684,75
90.29295501587627,89.06093856883561,91
80.62262529175871,77.3579770193526,80
73.713717996076,72.22125224263199,72
74.62175506826706,75.42317791443718,71
65.6194082334015,68.42849490759005,70
91.38910120823382,89.89020931430095,89
98.10606322041968,99.25743644976586,92
88.81648746895259,88.2374854462854,93
91.76124136248514,94.46293738149775,87
82.84487720798892,77.85592126395049,78
85.41049743663122,90.0785592804475,77
78.22666311202813,75.6346201301638,78
73.07616463802458,74.90453646221883,78
66.19434954822682,65.50431732452661,70
88.60031964820949,88.59217769248936,89
100.7969990001067,98.02616565983642,100
91.69067337651042,94.49300645297089,96
63.133175547909005,56.20136687100733,62
78.28500934383788,78.46971137326712,77
73.61023077329098,74.25662484379613,69
72.19827152190413,72.06470899863258,66
83.95424611321117,82.26794078499991,81
72.96289496533437,74.7235865874501,70
71.54848312251796,72.59683816524297,72
60.70330866405696,59.47060642872533,59
56.038804921038114,53.238889169644736,53
80.70375822484061,78.25951899018806,81
82.92360040788883,84.5289931099336,86
84.10790227429777,83.23374832899704,82
76.89701522752914,73.45841974636453,77
75.87995848415581,78.91058906634365,82
64.2963012938515,67.75164097710194,71
71.4341983264677,72.26539100136469,71
71.53716952073218,76.34608122985422,74
67.2784392133734,68.99945172900154,70
62.420411198315456,65.05409225245037,60
84.66278004800294,85.42539883618592,81
83.82565356678631,84.44561498197929,81
93.75142947347484,92.45324670182757,89
99.1508666369345,100.44886558874987,94
93.05671523189015,94.32283257692367,91
89.24728846008396,89.62567228119502,85
80.71764296638784,80.60073456979647,82
89.27733632610902,89.85094236761736,87
85.35590393192764,88.18260949054539,86
85.88477852275608,85.21351068399414,85
97.90798001314,96.48922377496746,94
99.6790049157709,97.61713455667397,98
96.02884732066255,95.95068998182533,95
89.15589044322981,86.68133000854553,89
73.5597595769749,77.39559337898034,67
60.03008810720267,60.769186968461945,56
82.56169043359843,80.11167303787262,79
83.95394263178993,84.09856155347852,87
78.3775254770628,78.74235858317974,77
78.53007590721718,79.35073886337477,80
78.2527636361436,78.05526144249643,75
64.42852347001372,64.3744299536454,64
87.8991626136372,86.6356239867661,90
70.71387504140361,70.2153916158088,71
77.28080932043068,77.790798563588,73
68.67141513676087,68.43102816182908,70
88.05407767759064,89.9536376430792,87
99.21816569093755,97.62791946842158,99
77.87391586210776,77.75923911523208,74
83.44603535318525,82.11389727376957,85
75.97298470362345,77.30126772811447,72
81.8208867888295,80.85371958259977,77
75.06866309273205,74.30767924442988,69
94.05824649448857,91.3212765706031,94
91.1151763161102,89.74561304214508,87
90.59296680632113,90.6911626749348,86
94.42854923615477,96.0152700094721,94
91.47089013568669,92.97323663268412,85
79.37800087776503,79.06263607922948,80
71.81823179405897,72.12162046400866,75
93.05302410356646,90.42046807198412,95
85.35066145349634,89.95175644907866,83
84.03496319166508,83.25662708352642,81
86.04804598750037,86.79745080442599,86
95.2182710213878,96.03362264999109,99
89.13886195930719,90.79765981153963,90
86.49199155182727,86.57632899206057,89
78.4509430286735,78.52899094856791,79
77.30244616692974,77.37066950153968,79
85.86935557657,88.61898791248753,85
68.01531808890459,69.96610448523249,63
68.94907013883126,67.53236146583716,73
71.51480216725454,69.62182928721167,76
78.0449991477879,77.69268685258683,78
87.14206827729289,85.18715471822813,93
102.48683321209683,101.76132566912362,92
112.18539512270326,104.75368558459571,116
98.92827865865644,95.07882921230787,107
99.3845788147371,103.39620778383463,99
105.46994639644683,108.59685537225208,104
100.20064313026633,103.99627349013109,104
84.79328839485616,86.51044749675934,91
87.37270994840593,86.81840267426027,88
71.74993335712662,72.83515030040672,78
72.62097866085777,75.00182181556784,67
74.90165636000462,74.41484836200684,80
81.2069288213041,82.22395193139563,83
76.74587640429243,74.78834189126678,81
84.20450241559706,84.19540799570304,82
82.93354533918213,85.54232740690131,85
86.41128128048719,88.18310836794889,91
99.18802939244698,103.31033853575966,98
89.39242459416249,86.81913242271756,90
83.97098735929663,85.21315880255234,90
80.33828015235832,80.82733589860577,86
98.09962775107311,100.98906745647403,100
89.39221792031977,92.37243299654115,87
88.7289307002234,90.33561555972089,89
81.13672946246957,83.77069918314706,84
79.5181755230158,82.10053833707893,75
70.03177109083757,70.19969811741787,68
94.79872530726479,97.21808906134675,98
59.40721125313121,59.59603654337234,69
59.99678513384309,60.225672241177904,64
64.67938895540031,64.62983388401287,64
74.21026501408382,75.31642999498503,77
56.61888883512415,59.32774778296949,65
69.24973086807219,70.80966519554032,64
69.33214583172052,70.49043327118859,72
68.1842711145986,67.62924925668517,62
72.4703107804599,72.26202427501897,72
75.11624909820485,74.49107669245876,74
66.0460206294976,64.27572373338171,60
60.35415573119959,61.924729846689836,59
78.48589376291791,77.52019954662002,82
70.81856603132216,71.53374513923718,76
73.22082516359083,74.16581583955586,72
62.734413238716854,62.153656617751714,59
88.11538692118786,87.5629945230234,87
91.86504756271243,88.65719300150401,92
92.46268069100812,91.87315181566073,84
77.96886312973655,81.69821462081832,83
77.07476508218907,75.64544975730988,77
70.1762705810148,67.34758251914297,75
78.29884569245428,75.02460337681762,81
75.88324095132893,75.89971752274232,79
81.54706775225156,80.5526142616753,80
68.99409309563187,67.00927438493672,64
77.30868213408868,79.46081642633843,73
77.64061839706827,72.96371707147445,77
72.82491590747038,69.61645755053529,70
75.06135883592763,74.19933310369933,76
75.53556071101818,78.31933548484957,77
93.29323702138129,93.91025504130492,93
84.60954682740326,85.20748652851395,84
71.94819233218958,72.46306456557724,68
90.22875734304232,90.1562237252194,90
87.977838625336,89.55872168870273,88
71.27435472931359,71.30547876812446,67
83.91304045728936,85.42809895944508,88
92.13048501037017,90.98575393029246,89
78.48447575082575,77.96957075929681,79
66.40795080009534,64.88826683165065,66
83.79195437588362,85.85406718720603,85
96.69643032182512,94.22376483239762,97
72.47391491957389,67.21802495044471,75
68.92731626586254,67.88069189341931,71
60.581958452302146,65.01403812427537,61
70.45302573713379,72.38088846163,66
70.3896867651824,69.7890512414553,73
90.323570343275,88.48344443265711,97
102.48573090753715,103.66829775242206,103
93.09950685786193,94.6506453582103,88
77.11970907475673,77.87776308663287,66
72.02392042841473,69.188496470333,73
77.43861377884365,78.04761667585414,77
70.42249893832408,70.62649461640979,75
75.1427059021045,78.59208017713257,70
64.52574196553977,67.7480164334075,64
63.423388324851075,66.78491853202758,60
69.74954972606268,71.7033014912282,71
63.30236558527841,61.36500522987568,60
74.74279475437156,74.43594481777687,78
83.82946341846817,84.27456273440279,82
72.95822254511293,75.60429355480528,70
82.76770723391007,86.1969154239321,86
85.06387595856997,86.84578478736023,91
80.79214134736867,81.17619385561206,83
82.524803596913,81.85537924208283,80
72.4711276644525,74.19622035808517,78
57.34163195004459,57.14886921915137,59
57.83318868131282,56.70092362412294,58
61.10669809474928,59.532064650853556,60
55.54826766210037,60.756598985530786,52
61.428390525037074,60.08313846432399,68
72.62442203510894,69.62330445024155,74
65.99531097077512,69.00238915601508,56
82.49155493500314,80.56743598751235,82
94.77206194158745,94.18096155596848,100
82.38970613839385,80.6358207570885,88
73.9641338918865,71.49579516468509,76
84.57993765892749,82.58634883915865,87
59.161151979200426,56.426477090510026,61
58.6343903401354,61.571085935975795,64
60.465341749641375,60.41264032924881,62
68.13859306813322,65.53851743028065,66
67.56613050340628,68.93575581672944,68
69.42444339592228,69.42213069492836,69
68.0574153214584,65.49581547624842,68
74.7957574706639,74.4289735181554,74
82.13438360188975,83.06119400067537,75
89.96639170959835,89.4577735482684,91
78.3140196210773,73.66070425058655,80
83.95896748932228,85.29937641423147,76
79.61707426129217,78.42761898373773,74
75.60084516269275,74.86361877964194,67
86.5289415983675,85.85276848159106,93
93.45264988211248,91.23217842629752,98
88.65698050707147,88.34991721874786,86
92.31124068370515,92.93448604422179,92
79.51485422619527,77.22171040416117,76
82.90243051263988,85.10719396654135,83
96.38527738594388,94.23886828664767,102
81.968694830822,82.57349093522832,79
100.36273710937569,93.9796667715201,95
97.26586981042419,95.0186104440407,99
93.04173140451523,95.69551733969347,98
107.44775168069494,106.30247246239576,108
104.90460798176157,106.64487425914572,102
87.78514549889466,89.39441663189457,88
85.82149929427266,86.38173090084301,92
89.91043442244619,91.74532709115908,90
85.88826368778574,87.54683732312382,89
67.45024456096809,70.6195686575072,61
71.74508065175309,71.36571311022288,74
66.86011559463006,64.12581312270234,70
84.49491450201774,86.4769552180726,89
84.8384701467035,84.73249051942801,86
84.47882348147775,84.08899867962343,84
87.39881938102019,84.94087187946697,87
75.27513621276594,72.9801913028597,75
92.37649341427729,91.49725237721883,91
89.58711858227723,87.96155061541691,90
74.00967813052767,71.88428491596943,73
84.96051356923464,89.07979162729762,81
73.14360772581057,71.57308099190473,76
79.61541955056882,79.45420936833499,77
98.18964124916575,99.23538792491327,96
69.2588953031636,66.86833825378947,66
75.72450967091109,76.68175137069082,78
63.60928849384517,64.11421809409217,69
70.53396229975017,70.88035545974674,76
71.98576517155905,71.08502877553933,73
75.39796739906384,74.6047132105749,80
73.80232069755085,73.57466894545612,72
70.33794346321335,71.96980148745827,74
77.19448843984311,76.52453653419335,78
90.25120643326159,90.2239247532709,91
82.55423157476362,82.54477299124268,79
92.90632883956296,93.7176618713115,97
93.04827594823885,92.71640699485395,90
80.00792959724299,79.0478823062643,76
65.44196706165938,64.7317485566691,68
92.43355215395441,93.94715090028191,86
76.05208078365145,75.23133604559008,76
78.57196617917478,73.86302098010647,85
90.29926870222023,87.64560342514065,90
69.4501761234553,70.94362398585315,71
66.88175295444898,66.7758058898737,71
73.05453741376114,71.8177234365595,80
74.7025747873475,75.55102264222215,75
85.86409838011824,87.08934041557931,86
55.238081609215854,53.49484554444319,51
59.58271281201456,58.22657218484666,57
80.4720667156647,81.02583392039703,77
84.88607211152198,85.59283268544803,88
95.93408290020822,95.47893058003741,98
96.04719482947266,96.36449202632448,94
73.67858709772085,73.88621062317495,78
89.35436045802982,87.60213780801253,82
71.75523017237178,74.25201520788315,67
86.38726017799108,87.16323376807166,88
66.04453854793394,65.00754466362753,66
62.78579464476945,67.28970671645969,62
74.37354131022046,76.87285719277313,81
85.67863926080824,86.6912364659824,87
82.81554702875374,82.6764831224997,85
81.384574986516,82.5103798231905,80
80.46112314579213,82.4765165050486,83
82.88142891669699,79.0008483022032,86
84.15588686667216,84.16594646839359,87
85.2630017984122,85.84857274879181,89
68.64856172265232,68.333144313617,75
80.12637980258786,79.51323259062266,82
89.11186483270967,86.68491565309975,80
104.85439246172838,104.05147054928554,97
91.49863748086506,89.01205908560252,92
89.07279852464531,88.29622575965045,93
94.38426422325784,93.78694380518337,93
90.53796221764881,89.21728697136136,92
92.49936194642459,90.26945643851448,88
82.0099033760274,81.38871736390368,77
87.12097198303373,84.32925362019316,89
75.72831690617615,76.20127599872777,76
75.8814323665003,74.51883367844478,78
73.88557642017649,71.75707595497859,79
83.24759709536617,85.18493785393083,79
89.07212182310089,88.55307979143493,87
79.3679563845821,82.52060805081507,81
76.44121295293158,77.35132942924275,75
82.30700328703519,78.93897157061402,86
63.38886170224349,65.4234483327778,62
78.18171913328713,78.27931787951721,76
59.150880458142005,56.558773666506305,60
71.68487239327514,74.42003978521085,72
67.861081112994,68.97280910423648,71
76.61218785201554,76.05008234701539,77
83.00121854853218,78.5065943755976,81
76.19167713796082,72.46429502299516,71
77.16781845194073,75.87851133737678,81
75.75406841402571,70.61709309443978,79
75.3891324989044,73.72149218914005,78
71.84754830572908,69.25337894616396,70
79.94943324573717,79.5584439035044,75
66.53708374323568,64.90628707320796,60
78.98335167435353,78.63376944137289,84
59.735905098870546,55.371648653174184,61
77.86735407341145,78.705859844615,78
81.36722877877703,79.92935913002263,77
61.60503018383061,62.156916518453116,57
76.17233091143048,73.61408231390428,76
79.29961781985253,82.3994799332041,76
97.98606656972726,96.98791342734566,99
84.90498298473567,84.13781916014527,86
90.2691522222193,88.39856537112807,89
95.56233415120028,93.76479152540527,97
90.61765944192561,90.87006894622034,90
88.43650018627925,89.88405376978308,91
71.22269117716777,71.17109116838255,74
80.10220462578603,77.75752820318937,80
82.88598777840154,77.72434226650464,78
93.58100343235117,95.34962401280715,96
82.46047937050899,80.47820979724523,81
68.63727543031132,68.6307336918478,65
75.0715221575725,76.5831331209196,80
86.47256217594564,87.0647895789228,92
82.14551599977405,81.17443622171776,85
82.52883993538877,80.72763247781543,81
88.57777897273267,87.74629740245302,94
62.034280061581995,65.5584135391704,67
78.02900091141855,76.51219386644442,83
82.68209814428252,83.39342001543062,83
77.41103175361322,76.77028628739714,77
70.3927686343758,72.46469106459486,72
84.50736982181859,87.61689187244127,82
78.699930731674,80.06292202252492,73
71.91172391223934,74.01833043457565,73
75.06256475211593,75.46528457187374,74
73.21043445421682,73.0668657757823,68
68.02448380457881,68.1072645996969,67
79.47914181434878,83.44946643669506,76
89.94543350208443,89.19187659146417,90
74.01272882272954,73.3316352339071,74
83.34769902802584,85.87512211620333,83
66.77855345391085,69.02313231556576,64
72.67109765006478,74.37030611673829,74
68.60596591977556,67.18768590849457,66
69.25870115126223,69.43544141095019,68
67.24469345217364,63.0847738363623,62
65.09952111318376,58.763093392177026,79
67.67026115577599,60.97711436720925,71
92.653228733711,92.59912802441129,92
87.05527483374998,87.0687866809953,90
99.71379568619508,99.92641117847339,98
87.23941319101446,89.5195273878679,86
82.52652361147999,80.29315717394827,89
72.3400171235251,71.63524032578162,69
67.36441088071943,65.10058632808308,66
77.24453657376137,76.2190478459442,80
97.90559879503635,94.93420476104687,100
86.33951226902681,82.8416389234064,87
84.79726076424107,87.03572650862189,78
61.22225112181309,59.77317320993466,61
82.70573479036194,83.93162706607606,83
84.10854886685726,84.10484358441725,86
85.61304488462218,86.23964708952016,81
75.95485116137894,79.50353625895427,79
83.33824399344624,86.79192182930797,82
72.69525716282988,72.50229147788465,68
72.78736439303071,72.11143134103665,75
59.62617064379312,59.04177234645573,61
77.71551705076004,77.87180589408364,76
76.78644567458342,73.82589140388293,75
96.17565060469704,91.86885820897197,101
98.4986447437073,100.76074143509636,93
83.08967938122356,83.9365862410718,83
84.97565318654105,83.76146380324124,89
82.91584713558838,83.31227125700693,84
92.02538704820878,94.93586063823105,90
70.15508537902888,72.09447062419983,75
75.06940496810415,76.52769946683974,73
84.40285083734994,88.2751514398028,78
83.20781289112793,82.58278807544819,88
84.57546605351851,84.96891737149195,88
85.81264903856,85.94783115704182,85
76.76038751642555,75.00989247126347,78
85.94412907092497,83.65700316680729,87
91.55398087149219,91.63093125121244,95
72.16858978833989,72.24297389890073,73
58.203071474189116,54.66270712971726,50
58.56966739845128,55.215111068827404,60
67.24931613266324,65.2121887244882,68
85.75433310931822,88.80040541488555,79
84.39953296504595,88.8317345019311,82
78.63911074688157,77.47875113019187,78
80.76214747734883,81.16266297467467,77
77.15107711702177,77.24457601176114,76
97.71688120334682,97.90958309015225,101
89.4511460606675,89.70804507478874,85
80.98821872122082,79.02064207833223,79
83.80974741890512,83.64903059040758,85
89.8259577177189,89.09799474213747,89
85.34017679458013,84.27381823521881,88
101.64240989587125,100.9084365648234,103
91.76192750837346,94.25608614513507,90
77.75185607089114,76.0757174701589,79
89.08210506699601,88.30608404934299,91
85.05297619393932,80.28696659843622,86
81.60794354494588,81.39999699644537,85
63.97454581272763,64.46524552214017,72
67.81285915209118,68.52941232954174,74
75.58409215958554,74.34616672495662,74
85.16963077602628,86.17980620529957,86
84.23658507850863,82.33904161224187,85
88.24832215423142,87.71611825210186,84
84.6827733568544,84.01309590165836,83
90.09067194428648,89.03992581921948,92
86.54027307858546,85.8169697605918,84
90.13361360274331,89.82293345603723,87
86.65940223215344,87.83980008656036,88
59.80112902787542,58.132816196752714,59
80.95837783104743,82.6879662412765,79
84.06552592833914,82.05600412523042,84
79.61822156310852,78.29022115631247,75
52.93128443246035,52.01412185443323,53
82.04307440904593,80.54602812476425,79
66.52294925580739,67.3058852957977,65
66.93329100522405,65.83051262326407,69
66.20379692157582,66.21384386618588,66
51.73026290229507,51.57106038425557,55
47.36479927489951,52.271850883837715,43
92.71644128178383,94.6039360984097,95
75.80261112829844,75.6178286896098,74
80.83537572618566,79.78104678273637,86
77.78857279173911,77.85487950553241,81
89.76090386138466,92.40134343800851,95
85.28056894762871,84.90155911052592,88
94.2641966142115,97.75898465204236,93
85.14349930064591,85.08278250513371,90
84.27986645249769,85.81220179027592,86
67.70180685281964,66.38972011465081,64
78.49779460437244,81.10072063196642,80
86.9666928894571,87.53420219807948,92
55.84552016205271,53.40819455431109,54
63.095223222356374,63.09159349014873,64
75.99701325056573,75.30628947298827,79
77.21624021351865,77.2657318063306,76
75.25314612566534,73.94830993070879,79
84.72723465151023,85.5294018846185,91
80.78563248376841,81.1889514866406,83
78.9866420652814,79.24713983067792,78
71.79082445142552,73.16828872006772,71
78.72981295734367,77.76467806671553,84
82.64994976501836,84.55515709123549,87
79.14014791475051,77.92717580395082,80
74.15876229003207,74.66378589016482,72
57.24806362282361,58.28567712295642,66
63.21228413416829,63.69337831427983,65
68.06923483189271,67.60739604380447,72
69.45300796571533,70.47584011344169,72
82.96363551710523,84.22771982866762,81
80.75908470614576,79.27970465032301,79
81.96318391820084,81.31004997543107,79
85.25098082434661,82.48110547849751,84
81.51495627548734,79.43505318234502,82
75.11449441330866,75.0414582914607,64
82.26579929408176,82.67028399152554,81
75.10282808866877,74.05250939216735,74
87.84825902016387,87.77075285437189,93
74.40185892114451,73.34317952479343,77
83.49753527207574,82.01174507684935,85
82.91648075007929,80.17295209829332,83
92.62982726190708,92.7741955717222,96
79.70332398592274,76.91916925391929,86
71.55352184794327,72.51180011662109,75
67.12728306628753,66.2356570239437,65
88.7353807022569,88.87611288027722,85
76.77245725474168,74.68321552579265,82
91.28392726167205,90.99366888892988,84
104.46829540611614,101.21980794263237,102
98.14656626379524,99.84883967196588,97
79.23673212428812,79.4048305507986,72
91.07433386377836,95.39689848789236,93
86.28750259504612,88.12071497578481,84
91.42272512408724,95.39040275344031,92
89.53608439205483,92.05730534816632,89
84.47556623652345,84.9272660435711,82
72.97203615122255,73.1033636515119,73
79.92185923198302,79.18599163190842,86
68.80019671043432,67.68059498020521,74
69.97667679297592,69.59712848571425,76
57.43823379951681,55.879824922114324,56
56.19159746699969,56.43541515401655,51
88.97053656744117,90.43070792755177,86
54.20225801407836,55.98609305042058,63
55.36447433457177,59.01459690417949,52
59.563538304412376,60.47449524285944,59
68.2475761978123,65.71526451404566,66
72.23532254570026,70.04473557770639,72
71.65535338463985,69.25674132650559,73
57.92458240398023,59.91275361451035,57
61.561605078184655,61.23964223432697,59
73.87383776464894,71.83112435639285,74
65.84069071686078,68.83381159028002,62
69.1337435072411,68.91752232778786,69
85.64527339328768,85.81103180305261,85
81.2628045060318,80.94550327107365,76
84.06139787626947,84.13900876434126,88
79.14266618610452,82.59631055597872,77
92.21633175010791,93.63289794302241,90
99.94721804398483,101.24327970037362,102
92.53269929093864,94.63337735386158,92
83.54859848889896,83.66263975997347,85
93.78983185306889,92.06248476152523,97
87.23621769757963,87.34315599086268,90
82.47902722129429,82.33751630464991,84
80.33420315213162,79.72852939285504,83
83.98758058239606,84.02993735702995,84
86.88903966690691,86.87299957298114,92
77.7636774106165,76.15256443367473,75
82.94983964931103,82.37087803049283,82
81.73499880921428,82.74518032113164,84
77.44118376264812,73.78926503371224,75
72.08687739618452,69.94775280337406,67
67.17633098732313,67.15287033084448,72
73.58371501665334,73.28877516265963,77
65.80922212704687,66.24955670105524,62
77.05046183974548,76.44139384267437,83
59.73348128519267,58.67766182716068,58
55.06212592953708,54.161578907669124,56
61.562550139964316,61.604440754655634,62
71.67095506382029,71.0453059513705,69
72.78561667467272,71.95035767608799,75
64.41642465992628,64.63132952274623,65
65.53672041340154,64.0716007259972,67
75.57263922055483,76.62344518548211,71
87.12583495605378,87.3623926505494,86
85.29815748418866,84.97971138507863,89
75.89275296307697,73.6934964155919,81
76.21453468896848,76.49932172861631,70
85.61115060800542,89.6468385146536,86
72.82183325730648,72.45595076082724,70
81.15361970729093,80.57892121709394,82
95.0092508249164,92.15816070490492,95
86.20698908527909,86.40714204766738,89
88.37864743454226,89.65147226796508,94
94.50142228910342,95.15322455247913,97
79.00183355391319,78.11775635698856,80
84.237191743945,84.49359901822768,86
95.71111569098372,97.38361089114606,98
75.65923745732238,76.28929848119283,74
82.80841613858463,80.90184025795718,88
83.4524309330699,77.35689612487575,82
84.42761478360845,84.25074838440031,89
99.66828536858958,101.09312429919385,102
91.27692468874253,89.85565273580609,99
93.91851487079974,93.3941146152547,97
94.4832769719366,93.11078497243331,95
70.9034985263267,71.40472772646166,73
88.54990046969142,91.3402663268455,85
89.8469059925153,89.06445273732116,87
88.92955781815277,87.09118057554922,89
84.57491705967801,83.40581949983643,85
95.33473370172266,93.18407184543928,95
99.12757380260372,100.02098378690097,102
91.46403676094928,94.80926095921618,88
87.79080196966123,86.11680040912842,92
100.33827049437141,102.34298432024539,98
97.89527314211227,99.20276249259052,95
83.54326659620352,82.63902305049177,79
89.79250899315758,90.1385583794108,92
87.92794111514867,84.09045470860728,88
86.91174738756405,85.73526585265077,91
77.38088839336945,78.31905190643968,79
91.43409014827517,94.37898230449417,95
74.00355839627763,72.9403417959242,73
75.35846158875553,76.95143088897491,73
93.25304716170461,94.74927708964269,94
82.71918777706571,80.09825376313138,77
82.49805257870916,82.59984357651214,86
91.13031298366624,89.64269378319547,93
67.28751392805937,65.79061306173,63
87.77887887989831,92.16441568466675,90
90.65676583071058,92.03172865821284,88
82.31779313040512,81.39657483986431,83
80.32299997471705,80.49599400057615,77
85.57068641926084,84.16801659799077,86
84.00368866117648,86.83383924448101,86
91.6015098380087,91.59657046525713,92
86.65431563206604,83.14473077964627,85
90.10443240882603,92.46848910319024,93
74.08615102870694,73.80992894115074,71
86.02077015883783,87.53053766187156,88
81.34540614288801,80.33961210891891,82
83.1772185464746,83.22565975277118,84
96.86414609089461,97.28969351993636,95
78.63272481637142,78.32035948413298,80
83.20971040337307,83.95730404717148,86
91.9435206901276,90.97592594290282,94
90.23340721263014,91.10463237600902,91
68.3142315749379,69.9809553229583,69
65.06364358131168,64.77279051848622,62
70.17871989501896,67.22017558276177,71
79.89718205068237,78.71239648316147,79
71.04111042172666,71.75417489940581,74
74.85817258828001,76.14641119527404,74
70.93996474638809,68.91216725136934,73
71.21450009919396,70.79773863636932,68
61.016945448049924,62.15065139649237,56
68.68535796642867,71.44838884413485,68
69.59599605614488,70.22830684175031,67
83.87934375499901,85.19176327486933,81
72.5792726548537,72.82737397754016,75
88.37238853585941,88.58221540915217,90
78.8882747836423,79.46976421890253,80
73.92952049545268,73.96183909130932,77
74.94488201988429,76.13356858299805,74
81.06582443738151,82.46520384357586,82
71.35604782409082,70.66340385693704,68
75.39647695032488,75.32421142113252,73
89.59612889083184,90.2397647390072,91
96.82906685839386,95.64288161653255,91
87.74003114091259,86.36087880917374,79
88.6582661158863,91.20081706330451,89
88.82762129117907,91.5054918349783,91
80.27427894184333,81.70911965564623,79
101.51280600444112,101.00591043258643,97
100.49933346805668,96.92965092679394,98
76.78869397068954,75.89576095339105,74
85.91000529412361,86.70413869571114,81
79.65761026503824,81.61576387983082,82
77.40065903891613,76.4361441474617,76
80.71063792737581,79.1467743945353,85
86.53560037603513,83.21466110767224,84
75.62582639572976,75.5540315009942,77
64.7824698375775,64.58230967756327,60
80.0148832641897,79.29968002899494,81
74.27889838989675,71.047016955617,77
70.41368307327268,71.33255863730366,71
79.7333272850674,79.78208395423775,85
92.15716001383618,94.56258496990777,91
79.96884040933234,79.79535323656573,80
75.67020366431053,72.99560447005511,74
96.23211883768393,93.65755977955787,95
92.9987916413315,92.2817476947888,90
70.30320400254854,69.68686166907513,71
77.27167670458651,79.1857654986686,78
70.24220367421076,68.6244681369325,68
73.53300240589927,74.34774280879603,70
65.64070552454591,64.63676937634571,63
87.03911116799937,87.50340645051881,94
86.44229835359437,87.10882764582686,90
90.03775911905323,89.39846605826304,92
84.83922658940315,85.41220674032526,83
89.1754345427282,91.34513320368525,96
78.93747089658828,79.51650892329985,79
88.44741952698135,90.15031437350565,88
87.91155539884849,89.19174132566278,87
90.7166998207278,92.57566677472632,94
60.44956943669945,59.723583658297315,63
67.04630079684728,67.4823515504103,66
64.65573785530161,63.99945132443076,66
72.84842308419945,72.50354442072457,70
89.75606426540601,90.25420429759329,92
82.72920467624753,84.83384345496482,85
94.08828661441939,95.49809772987246,92
93.50026021185079,93.1118749369507,95
87.77305632194746,85.05750288556591,86
86.07130669482952,82.72241206855402,88
82.33712805151139,83.01518916514215,83
88.65398253682753,89.71869379557904,84
87.82943948408216,89.01489683621706,88
89.72264971612667,88.44660508873484,86
65.94892222552824,67.84207063958347,65
70.80015144965071,71.03537222858304,69
67.39217467418769,71.24782923866643,65
79.02515633728032,79.36807834683133,74
78.12884448288585,76.9396055666016,76
70.29119895526634,68.7381262447574,68
70.01855526018278,70.30358710777341,66
65.45726291283763,67.25317417055275,67
93.02478940352383,91.40202483626466,93
89.02010586751443,89.69374496195447,95
92.2336179811752,92.23989097119951,86
100.50261633519611,97.98280298914322,95
72.08210392053309,70.06922207163977,67
71.55395491289929,69.44301941311652,71
72.84482696625228,71.93726003799253,77
91.51584889101441,89.92126563060017,87
83.77954699326351,83.63401540602167,81
80.13646347879964,78.81409163968755,74
87.89830436158383,87.0065096823871,83
94.40031524910523,95.55915312893838,92
74.80550002528962,75.9451820125415,69
81.00884304911645,82.52036582828931,80
75.41920575664939,75.80041797181565,78
54.913100562226546,54.078430009913944,52
69.40542949221805,68.17458549551887,73
69.76301248121679,68.39950046199161,71
66.16836857089957,68.62867220499385,70
78.41475174275904,79.26289758538819,79
78.84434355055136,79.44262842126122,79
55.696527306599876,56.7381584913873,55
74.37779975898509,70.03043760810851,75
81.99857391498803,81.64018960435239,76
93.39361724886093,92.23060540365569,95
91.56559988779227,88.7256217080023,86
82.38182836203774,82.68100980185987,78
84.46770489034785,82.7864672497095,84
80.16896449038047,79.6456569585707,78
85.53450975183188,84.06337298572807,91
86.12936699866674,85.98779428104588,81
80.61011601679567,77.96460781591709,81
91.81297291478691,92.54866271728717,85
72.21215138147863,68.42068790033265,71
90.64631043951154,91.29446072277598,94
87.66168630754579,90.06894716120087,88
77.06718383069956,73.98146097199647,78
65.81712965896995,65.47494073788657,65
68.45793061191803,68.92005001515442,68
65.36808014471573,67.40198700155449,67
64.49836351615015,62.51582718061664,68
81.71267571397297,80.56073664718862,83
107.52505519725351,103.31717133237895,106
107.15414744402653,105.85555804498115,105
101.87027819918234,105.38926444550697,98
89.67599294412464,90.56309164748029,92
92.12510508550662,94.9206201253745,91
98.49239753850398,99.76066198543808,99
101.66409901680714,104.01238501901643,103
96.35550772758808,90.3244868903232,101
86.18132914540652,89.9544968094284,84
70.18574062472526,69.91521534755445,69
97.53031264824415,96.45708902457744,98
90.0263561394504,95.67406179674103,86
95.00394523306407,96.42807764089719,94
94.47611231662027,99.03398220173771,93
91.34873060810484,90.2967861830661,95
96.4616001049134,99.09421122329354,93
78.41484583478424,80.16950320376746,86
73.9134628942613,71.90586460837058,74
91.07319367541365,92.43646849618024,93
92.73059484833819,95.05846503796606,84
89.161582018591,91.84354030239987,87
91.74120677900781,95.26169875622011,87
79.04960540572802,83.76770131277777,72
94.6508287217027,93.7235999997519,93
87.8618926467018,88.85385630417802,92
87.04787746697423,87.42102026095507,95
81.10695890029055,81.97288306643894,83
76.05502490673018,75.09617184073544,72
72.22010599718485,74.81734912617958,74
82.30046458189565,83.01979535199261,85
60.02231744223019,62.70632534832932,55
67.41228045151243,64.43941324415547,67
72.69085703907383,73.48090373401551,78
65.3951051906633,65.27591508078372,61
80.62793800735982,80.01378343969864,81
85.87097141462837,83.44828023833153,86
90.89604708927256,93.92462614813354,98
77.75304088795244,78.93365612384822,70
78.16698669883137,79.02537225262098,80
70.20927836729271,68.53554760048759,69
83.50636177207872,80.33620728420844,90
66.32144231316758,67.53573946230357,70
46.45428118610659,48.86232002180817,51
72.84107241072623,74.34954150644057,74
85.74513466775969,87.80443601273126,88
70.68036198027379,70.52034803269947,76
54.194275706334565,53.59289633935087,50
58.61372243397213,58.3398180288743,57
74.45107871624288,74.7315820434751,70
75.93101948152496,75.02682291115195,69
81.48727237403013,79.28105938417218,80
72.42250651157991,71.02474674001448,71
95.36919806935164,94.21498632761863,95
99.79490822410614,98.4713831626929,98
96.69926232436583,101.2284346227591,98
88.485240311991,88.68623681809606,89
72.86679139925545,72.4310208848186,69
89.40350521368069,90.18998516374486,91
110.63353309681001,103.03778091404827,110
98.36434420821176,96.80759114687062,101
88.29972091361277,87.21896376307805,88
104.39160591894708,99.78279989865305,94
104.62509824902602,101.86130423828277,107
93.88695587720139,91.76575068895276,91
92.30453250154464,94.24946009424131,94
106.57895139841345,100.71231127849933,102
106.32976401065352,105.38664532401398,102
100.9541531874964,102.67428835898599,99
113.58551672962258,102.10903467613734,106
98.63277338643425,100.19357164992593,101
104.52234387705184,102.70895032741605,103
91.32045464638031,91.17709614651505,98
82.2699326594298,84.25876415449027,83
88.42477940414707,89.39362099501913,87
96.95908873208228,96.0022315248019,94
99.52470217236771,96.82278604200944,97
100.0776651427416,100.10223604449226,98
94.5876734202913,97.21017423963329,98
95.95217106592028,97.48932682510132,95
102.97009240560304,104.59367805515471,99
103.01579850292619,103.66056241733997,103
98.1657690200734,93.91483817361568,96
100.48080796395995,99.2622988446106,97
99.84008746887851,100.99250053599641,98
81.93898577061006,80.42674714239949,79
93.34795727721125,93.4550894671594,97
102.58127937781893,104.93671705032439,109
97.22668169043112,95.19411094080203,96
98.7317652610017,100.25585198183279,104
102.07830780658642,102.18930555501683,99
81.9108919609895,78.3384676765956,77
77.59719800480124,78.95480619242007,70
69.21794467628203,69.38512514042941,72
80.80137234948964,85.21957226128707,83
75.67736014547299,75.52130289806998,80
93.0595436032811,91.59250121029791,93
79.62030258739225,82.80757861554572,82
81.89951241355644,83.60117649048847,79
84.21966936340965,81.36707637400177,80
84.40221747966778,84.15444818670697,89
88.15997826623075,86.38600352295218,83
96.30940974823739,93.43800926568393,100
89.12479261316645,88.2134039018398,89
100.46506484265109,101.78692667167797,103
82.24131707229542,80.38016141990526,79
87.67413665677331,88.62395847657402,91
88.72971480534825,86.32603772194865,87
91.26133514938783,90.5525828281083,90
73.29993635470548,72.71366494642666,74
67.375171168803,67.1769713659963,67
68.98144925768024,65.77146412155123,71
81.71976572823883,81.25006362039686,76
84.77513224038566,83.0659290392001,88
101.75568564901057,104.53818281938935,96
109.65414136201804,104.96109745355636,114
98.30942956410703,101.63285775850306,98
85.69509993229681,86.05912890746805,87
93.9139727230512,93.31108811352593,95
101.28172044536589,99.55372009519485,103
97.80699638419944,98.52750104972688,101
94.42394585037613,96.37200346459423,101
90.1230868887439,89.05716464003058,95
94.84986531976163,94.50620031457062,97
86.4240976507115,86.52098237875944,89
96.89483228616622,98.0347145182892,103
96.30010166209182,97.47037573038864,95
80.175255451598,79.81668687316055,84
88.71383171953362,89.85482658260914,87
79.31384066376361,81.79778796306908,84
46.535147924960214,50.095366011602664,51
54.02845021754099,55.193602285784515,53
48.073456124795506,50.19126807690229,50
56.07919741148863,56.33909146487549,61
77.08728900754748,77.76265518740121,73
92.37726465629845,91.92355373891267,100
89.17362776532607,91.08920777524588,83
82.45530938588999,83.08050089840013,83
77.45890038531729,76.49038804835516,83
86.63883938986389,87.64117071272415,82
69.19464125226358,69.00914536897027,71
87.07518841986189,87.0493772309059,86
69.88931781616068,69.81586309454622,66
69.2928173675138,67.97721131056895,67
67.37856861421903,65.63521299682222,65
67.7653105407509,65.76981057226973,68
103.46436582967478,104.25945853001507,108
95.89744067383354,97.12989959417826,92
89.51261749850508,89.3608732203819,87
95.34155280441382,93.01079724731865,91
79.70316900335098,78.60832590079893,77
74.46290951504804,75.44809484512471,72
68.40684866289195,68.87049876323418,59
76.51003792155922,72.39046373699894,71
88.21600832150784,88.6231350321833,88
89.87230799496646,91.52559872371097,94
77.76080864282399,76.90829853125554,75
67.79677218988381,70.4021292430084,66
71.97260107090956,71.77279322865337,71
84.93624745062974,85.06064807212152,83
91.20143075875765,92.58363329370297,97
85.23641591297475,82.97203234829658,88
89.7924295257599,88.04027703653728,89
71.63981655564196,73.02185902910425,70
72.87723839711072,74.09474019351826,74
75.13354844136236,74.5204694093839,74
89.18484243212784,88.25288568633596,90
89.29123741422127,89.36381421588374,87
82.025904587693,81.87200040520979,82
89.28812385766165,86.4780380215253,88
90.64069516401553,92.03925019909268,89
98.66735447149077,95.25111841705338,93
98.10994417494697,96.5803806292593,94
98.89465047869179,97.10227573028278,98
90.00154842501341,87.02190877119713,87
64.49376709291955,61.71758200599014,63
60.787390604104694,60.41314172363605,69
51.14733951304245,56.16752109372901,54
85.82329659831086,86.96658008775367,83
68.36620347682461,67.09641065137073,68
76.4137080906661,76.644076837245,77
78.3660802697843,75.92580990031927,77
78.29329669810481,78.8517094880599,76
83.43925996615549,82.10535188665197,81
99.10612619623191,98.5867298584593,99
83.99130106905447,84.38145325515184,84
92.9637947003008,93.02960449211447,96
71.2584078297728,70.5152735333239,68
77.44920333269036,78.0730700893015,78
66.0587583162914,69.52046008626691,65
91.94435104234839,94.86183743564555,91
103.27115698154712,101.98134477382465,102
96.55917903160227,100.16067478740396,103
94.89459869965796,96.30690690972366,96
84.95833250648437,82.62616840829428,91
89.88348031837914,90.10387536071251,88
89.51362350560332,92.100342197419,93
78.09334016382601,78.29359023979562,76
81.72186550605734,82.13413454297917,81
76.4612325501998,74.78387943230143,74
91.36809370457506,91.45097056109454,94
94.90387477673055,97.59577002750768,96
92.41780053468541,98.16915805557618,88
72.56942539378358,71.62834835868559,68
69.97051370613846,69.19974617088955,69
81.13774223792066,78.98906147775111,81
82.22462616871118,81.65475571939612,88
67.26050331341908,68.35604295149312,68
96.33657127491895,96.11847651518593,95
104.55919546094468,98.88414396835411,102
101.73608133566707,102.54692505309959,101
88.37750921384314,90.75212379792035,90
96.35086482893828,97.06207550386442,96
41.91864668925191,50.29569216616857,43
40.13122413791554,44.98130412285959,36
57.26587386405309,56.7889673147593,55
48.01294766173744,43.77453926309126,48
53.888076115659786,48.02122671072859,53
66.54755284648887,64.53015177381924,71
86.79569626878896,85.64848182208928,88
86.00568806472248,86.03660478713492,83
90.30877359044989,90.08643514936871,91
96.80702692297186,97.9081762441979,98
103.44681736940345,102.51230883533528,104
96.9476415410945,94.12175462492583,102
98.05123490045119,99.85563651850673,94
79.85508480411073,80.22327378005052,79
67.29027751239798,67.67295833660202,68
60.90088613347692,61.14345131746303,54
55.202258189306576,52.13004862618759,53
49.98147835293409,49.613807261850894,55
65.62909536054126,66.95294103592074,64
51.30826044332156,50.21550053704613,55
55.36384083831132,53.23223271562682,49
67.16030830654269,68.92184684937146,72
58.33859172303257,58.124337092107204,52
54.77394141100733,56.25307416706841,49
77.761102492804,81.59307418983231,78
78.9062485476004,76.46058836668907,81
57.18250167780428,53.93979936863278,52
75.76216958776878,76.56975324189428,70
74.1554847994834,72.85131813113311,79
60.43077790328369,60.594372023607455,59
45.248898221660866,50.7479359410578,51
53.31394870006443,51.883522366855665,52
88.38041905669165,87.7166378837424,83
71.80991960816395,71.04606194534504,71
74.83566124784,74.16835698293085,74
74.01116185960511,76.93069248033433,73
71.59800059552694,72.42480157871287,74
84.30340632652167,86.48271266201763,87
61.521613357607535,67.8381590888191,62
60.022428245716526,60.0535738738385,57
56.10154008620239,54.173989971006584,50
60.285474021903106,58.26058420611418,55
56.621322033520016,52.83410728250483,51
50.15200606240154,50.389176279221914,43
67.33597132445402,70.35357111072848,71
57.17833800485579,57.00961990421527,52
62.436004613536035,66.27422402511006,66
79.96318074920573,84.20587498099589,78
59.01488817242596,58.43421182770284,60
57.431265234303275,59.73898647330829,64
60.517480328328915,61.5808071629989,54
63.52304030601359,63.748107176059776,61
46.86538201716434,46.58666079371832,45
47.72531588780011,50.6564654441346,45
48.010387699837636,44.73611578661474,50
42.77087776142965,47.67066444042225,43
38.16325496543096,48.207876716170084,42
63.45443116953575,62.7374119446067,64
61.44142539587962,63.52669851479819,61
46.49877974932639,53.332063906087036,46
62.48495970958738,60.084417374824646,69
65.47163092585325,65.70347740551733,62
74.79647866522451,74.98877422538462,81
87.9688994541659,87.966557384138,91
75.67403682727948,76.83729174557807,73
87.94278138940093,91.57907330991766,87
81.24094777342509,84.5993144628984,83
80.28614092116888,83.52130186804911,75
70.57868383589185,69.7756250961777,71
75.08802616631398,74.79187390310744,77
68.32921036370814,64.96148946430911,69
62.58648261446925,61.681332726731185,64
86.57930765427956,85.07756290095952,87
89.27713295831495,88.40126540985264,92
78.10907374605502,80.86562628942339,85
72.26986938235943,69.32698358305154,76
68.82055829063926,68.76049642750631,63
68.88174901348762,68.67095974843636,73
65.91937997825049,69.10981240965374,67
61.08826469401629,63.21250528891818,59
70.80437912406236,70.39517375891687,71
74.74497968837018,75.59693710306284,80
83.09086817594415,83.0026382604016,86
103.91455664217324,104.48029049069596,101
76.96057924242702,74.30926641976617,84
82.74365753207837,82.73572041740853,89
88.05298420880052,88.17458135783995,90
81.26227362902642,81.56638371032123,81
79.6575457916506,78.72073320412836,80
65.92914094813202,65.24396455683282,65
67.20199344356439,64.84060619208765,67
74.58473746372049,73.90640696019092,78
75.8643523752703,72.56657851394638,70
96.09839332514775,96.55684824969553,97
68.47033797756671,67.2185922759755,67
63.752141081511894,65.48946971182858,68
71.65872586575243,70.92163989467073,75
78.34181526408264,77.3454094477696,77
68.96702510336047,69.09482601271856,65
85.17774538228211,88.47254160098456,86
81.85577280845455,84.38887904739161,80
86.34967020368487,87.6931866305247,86
87.73055565667413,85.95342632635918,86
87.09509234131419,87.30102109169769,88
86.50564681277312,86.25809229613368,85
88.10414450761171,88.13052896717448,89
93.42229958470163,93.62250217771185,92
93.41068195588029,94.68476984114987,97
101.60041750620383,102.53500893247025,102
81.38310594047371,81.00091366530896,81
64.90143520697414,64.59154766157312,73
73.95883748026539,72.65133924693943,73
64.36912069302905,64.30118383113867,71
84.05320623669392,83.63419590694998,87
88.8468162653626,85.52270213840033,96
91.3061654244844,93.30048780917582,93
89.96769846749463,91.19781737799181,98
102.1835492940503,101.82017188904688,110
83.48792515287828,85.95355032258627,86
94.93254270512165,101.15657544289193,85
83.32621144138153,84.92360979421,78
72.0934992985356,74.40683149118614,69
79.91382686715977,83.82595625835607,73
64.16711339098823,59.87632025010524,65
60.05966995394055,56.70635515053474,51
74.46806895367594,74.31576957116656,79
86.72121835758844,88.2239163202962,85
84.99635039633412,86.58473114136174,87
87.60123751273663,90.24746278833983,90
91.92989195508297,89.22695707490563,95
86.70864073624844,87.02747309033843,84
90.97928958520018,90.00395719337064,94
87.41202989755851,89.55762534195947,85
76.4854647205963,77.61980461671753,80
70.57406247447295,72.52655755845161,75
73.85374509460286,75.66358240728462,86
73.61733008039769,75.12886090217506,74
82.84495155513557,87.26949645154176,86
82.07234199491369,85.39349181606454,84
80.03918358899494,82.6910674639649,86
81.26577575083991,82.29334105868804,86
83.07114517261944,83.60560674982048,80
86.66854448537035,90.48069366540612,90
83.91225782470146,85.12907343047904,82
60.480604421861585,60.72036895198529,63
77.35652851123923,79.0612380579468,83
61.6759333721197,58.962465097074165,57
63.70954933633073,63.88692725822593,64
45.47909139835984,47.63671890014804,42
50.974369338081175,48.49679349645116,50
47.180425857440675,50.11094812401476,53
54.278204654193615,53.75332675697093,60
62.90926504789344,66.4711578996586,62
84.99391542220391,87.921331392994,84
72.51321976280086,71.86333184857378,78
92.00658172871275,92.71130974360797,95
90.30462807597104,90.36662794969135,93
75.76956294886321,75.76877618310905,74
88.88264279465392,91.14966548678882,90
93.9750137196032,93.47673247236271,92
79.16426499586788,80.42322837243275,81
86.44233185629417,86.83630246741147,80
86.15757573305477,88.98742072767769,88
89.13881884300787,88.11290975191912,89
102.82994532852788,101.66617746893469,97
100.02672311419461,98.14499862824522,96
83.63660386333441,86.58797016154917,80
85.7145691899759,89.30498909617893,88
93.88110788054938,93.05149791208754,92
89.75227821822376,90.4988144419995,92
88.52511008509553,87.70279971066033,96
88.24478200677744,86.44617118801354,88
98.60521386387444,98.27362930159236,98
84.90113892034731,83.56083863512174,83
83.55378871253761,81.71699403027178,84
84.92168147474449,88.38481660527232,75
74.74678755132388,71.89131351022854,64
79.28240596609291,78.71815730804323,80
85.48219858206987,85.5916755576774,85
78.29909935084743,76.26718288177328,74
92.63414767266691,89.50017162685069,95
71.15757130617045,72.17389996902028,75
76.80524330631577,75.24706432730633,79
73.64584379853488,72.77050323230667,69
77.56362397124025,74.42061720139597,78
69.39388909575638,68.24744887604267,69
60.806268372669685,60.640077875938594,62
76.73951884582571,77.18640689887522,75
75.2409638737556,74.98488329207314,72
69.8364387240316,69.19248048179935,67
68.42853012526788,66.57676763498313,68
66.96752617796574,67.17614678402808,67
64.43644269700727,63.381564944312316,62
51.02132143835219,51.33905322146311,57
71.13864958746271,72.70083387614712,72
78.01822895950363,77.87549913039483,79
90.04478434167783,92.1789893294257,94
86.73882214365669,87.1905959280083,88
81.4794837944438,82.40810907222819,78
46.626130056030135,49.56751981962375,52
68.68994648932897,66.7154223395146,63
61.944498189838086,62.6289079808293,61
58.00632396433445,59.20664544905049,58
54.50298304395467,52.120029167746274,60
63.529093775586745,66.88611178866972,71
67.11957695604583,67.92007858040188,73
68.97523468737218,72.64834363068762,69
83.07747065310132,80.50094449078863,84
70.48195598309393,68.98516758566313,68
83.67375225603422,84.18777582179561,81
83.08058072234942,81.7449109560091,81
71.40451352643639,68.86213671090185,74
69.10936282351832,68.9035124424152,65
79.71270366837709,81.28233907383958,75
82.28436271703819,83.56097706997001,84
91.58593041998473,91.16660638205195,91
74.91958269605684,73.32719636165046,76
74.1582696240998,73.8127071939748,74
77.13593119848339,78.32677054925658,76
80.36868666677475,85.44342485439762,79
66.3497410552684,66.52601420733026,66
63.24216499846672,64.5133964267823,64
85.34244909209258,86.62662499305317,87
88.59871221767628,88.06629642068391,88
89.80281066932281,89.19129486044422,89
71.28287493856762,72.26344082871806,75
90.73117963463093,93.72081752226681,90
78.96188847029069,74.16817352965838,71
74.32888785611178,73.17265692540036,76
72.53154828742244,72.30499605245213,76
74.64245843308089,73.53210804971525,77
70.98971884157966,68.68476828683173,68
57.904403835268404,54.87877504679555,64
69.5115551215973,67.52914830936062,67
61.969617810957004,59.704337708101036,59
75.8190598647467,73.94603041931335,76
63.17677907824502,66.60441459826764,60
68.24725101928212,66.69178191805041,67
77.86323865268714,79.33893742755856,78
71.41962031897204,70.4690492808144,68
78.00044237037551,76.39570992107087,73
77.5556815286684,74.407103441558,77
86.63073500540528,89.63087026778466,83
83.62302757343122,82.08233509292371,82
86.19876536614572,89.54380310082018,85
88.93412199837778,89.25256135345626,90
78.0546378524423,81.51035077386562,79
93.14341774496175,93.23592828978285,91
110.34225888166687,102.99915112861537,116
92.42108773975322,94.65481088283966,93
93.69841798583988,93.54678705957664,93
66.5301484990928,64.42962954288575,63
78.89287837889576,79.22352630473935,78
78.84192199333103,77.40896461539427,88
65.9687062731846,66.65710163093928,61
60.749411610048114,61.94094088657744,61
66.62934132058356,68.22449666736384,67
78.14234431341208,78.13727679773673,75
70.00162089661454,73.77713944733037,71
90.00842660273425,94.82993027574537,87
76.24866131668418,77.33566434261245,76
88.2513322028134,90.05194029038319,86
80.06956660008011,82.42812097778827,80
84.9128076668985,88.94448027084894,83
82.4807210838467,83.67621197035963,79
89.80145845583161,89.37684389505338,85
89.61610845089542,90.49639430986186,88
88.35324845886312,89.5308131080557,90
92.88290909485337,92.16963046091318,95
86.60147016674934,84.5227584280764,93
92.24142269493458,93.3930738271204,91
83.20099852868753,84.09818728451647,86
87.08593983525401,86.78461544718164,90
78.1952706327422,78.47677051490247,69
86.89822306464242,85.6341510501789,88
76.41541825090329,76.38681562421242,80
72.58878802616005,70.14539413514026,71
73.86756342856451,71.37180768824616,75
81.231170226909,82.6622771065144,87
82.68415126313876,83.35927515113983,79
68.36759414252747,68.65021903857931,66
63.526820662779684,63.85043524146684,62
91.2519797118815,90.7020280241249,90
87.94376502006152,87.75103422858459,83
92.34883613045801,89.30453167277929,92
83.19273602946923,86.70253483222366,85
77.43816762469639,78.46555817467035,75
70.27394072781642,69.27520290842075,72
97.46693045336436,100.52264230540199,103
71.03159435672572,69.92763083255055,68
81.68918836605171,81.73571356291554,90
92.77460671134654,92.63046386646813,89
86.59531361663346,85.46641670326295,86
98.4891342063089,98.56085337437567,97
87.91779972624146,89.84376538624458,90
95.8597337345729,95.6232236483202,95
91.94767028583962,90.92516808228255,100
91.06744650730217,94.65919629340172,91
74.14536067366022,75.46631199447073,75
75.97454097882454,72.96166163894816,76
76.37474853599379,77.83967676693116,71
84.6789546200404,83.56086617853828,88
82.32728479666255,83.25357004627192,86
89.30472748563605,89.86486074475857,94
73.3438602568921,73.55193583507443,76
86.02449588126626,85.13964954707899,88
89.64177102481611,91.56324717014512,87
64.84805343128919,58.8054692476118,65
66.61784190657772,65.85035724773496,54
82.44854450744349,79.21123858335986,76
77.30044197210721,77.99216156215853,69
43.060480783348346,46.7733333435908,47
48.84214308789296,47.1584833893595,45
63.465516917593845,58.513916889524396,57
65.10213510165289,66.22964035607453,71
56.36522127485932,56.42975334828728,63
56.49762921322623,56.65801855264374,57
80.19479540059487,78.13628871318866,76
76.1346546324819,75.28474289872042,81
74.31993427568769,77.01144711663868,74
71.13213137708243,69.684659778002,74
76.9015355045692,77.08819171842232,82
60.72795557010663,57.044300739684125,62
59.92017332621042,57.31426527621761,59
81.38454913063516,81.04254455263114,82
66.25507290596498,65.90823096464781,64
61.525075109446746,58.642249318141815,63
62.327657756240356,62.33292345249691,63
61.55771588873436,58.59429698581809,55
64.24978483007162,65.24125045306036,67
58.141408434574984,60.640898587214735,65
49.5314727231074,49.593255390078674,43
64.43813772146152,66.49924686543208,67
71.15586725606117,73.28852683096657,70
83.84212395075001,80.6689764227927,82
75.59790070898624,71.84966111165964,72
58.588228296214524,57.80767739809133,59
59.773628404611955,60.57402564753212,59
55.17176168962283,53.16645455660837,53
57.705834784884566,52.253674505324,58
51.77676142039873,50.49553876159853,52
63.9452008236931,64.12832676078334,64
55.526333645794345,51.78568886010798,54
59.74384790629553,62.19482380309482,52
53.21517538385196,54.42835028956401,52
42.951140186503466,45.96288915225255,49
58.78832933620967,58.05118056375197,54
69.30397700881663,67.24838163419778,63
60.832210582628505,60.971986047663165,63
54.46791193669006,54.750010960388984,51
80.47725566292533,76.55727603917074,81
74.99911429535473,77.0167746609925,72
70.10359093374593,73.38896606838841,82
75.05316770217799,69.5378273189424,75
87.63135566163425,89.92246528074764,87
78.03264626133587,77.7225930900047,85
76.58759474439417,78.60699979013431,79
79.61714496426649,85.52953331380364,77
89.0273717025047,93.61750338842101,89
85.54087444557138,84.02934541095635,92
97.03430475916947,99.54467668214093,95
96.56894601790432,95.48150007917191,92
96.7237361104924,100.40137324770356,101
72.90152654593184,77.02201476884957,72
89.09787456313714,88.68176240003524,95
94.9285200332158,98.93023383984443,96
80.92590045989532,75.99243215622624,87
79.78454945460001,80.51983774661608,81
75.15459708140955,77.72287479292324,71
90.78702630848663,91.56793169548307,92
80.95885971237685,81.89051087282235,84
91.31586070100727,92.61767641697486,97
101.47781086742587,101.65243940180386,106
99.84675779026523,104.05488666831249,105
104.58655355951518,103.16600491061448,105
93.18456545228769,97.64248386445341,98
91.27564688066983,94.10026678606302,89
84.6611940386111,87.12392345881295,85
90.90049325294117,93.7854318085655,96
77.26173348270825,74.11379695323896,78
79.83402238308946,79.51143135272729,81
81.5614822824811,79.39590336740886,88
86.0077653101494,85.53389064622674,83
65.59024559232738,63.574249876272575,68
76.29927505483313,76.10842552483341,76
69.67948863921514,67.72959876889405,72
65.90977986865552,64.95274960324572,71
79.07856081129736,78.58323615715396,86
79.27306194716144,86.83310229386592,80
87.4949558170913,86.93604297403334,93
85.64246187032862,84.44763056046773,80
80.33593412256867,77.73237134380282,83
97.7269707434084,95.96320809351167,101
94.99141728278943,96.22111992935287,97
86.48021020047297,85.33180366987149,87
79.13870662555536,79.04557253803621,76
83.71246394397318,84.48170618375968,90
86.07974779053299,86.003835724352,81
77.85813112673596,77.20568631656135,82
73.76780489140414,74.78397440837432,72
70.26721470444164,70.76543716217674,69
82.67936028928271,83.50245377384637,86
81.62736980402472,81.09210517981396,74
92.2422356306468,92.58945846692149,92
75.35064455946547,72.71377767634999,79
85.62979073193485,88.03932342397124,84
101.5721758147851,103.52967359841314,101
84.00080644507634,79.9553718225996,79
93.55721676500225,92.8627757825366,95
85.10970608729593,81.63911004374012,86
83.6558786441246,82.2453012738377,84
85.64069296221089,83.02256140440035,83
85.10261241120963,86.69365869339906,87
87.06346670623408,86.69130116302308,88
78.48258994191556,79.03933566172084,73
84.93748147079089,81.05942862662675,83
78.0809883819073,79.41382975778697,75
90.83526731024135,89.2403562015081,93
93.10090185660998,93.2473694834858,97
102.70256829563615,103.49301862770746,105
98.86704172668266,101.24219122713376,100
69.68390678864854,65.92767573926729,78
85.0489069596438,84.91138086472338,86
89.56170172818862,90.72183446725673,91
89.9014077654947,90.47773703335031,90
91.06820960052141,91.60699579619545,88
98.8552915003371,100.67731967426681,97
86.72695905438283,88.31733157331722,90
98.34632723714662,96.10419162997994,100
85.33398802370195,88.95214058593206,86
70.88634035316798,69.1831191777862,69
57.13161898725617,58.25694822992637,62
56.0253484506311,53.743660781045676,55
64.56490353261286,62.69044382258272,63
66.77084702215382,66.39652429879838,70
64.83788982849312,67.11956349702143,67
63.00884571270879,63.23681037806344,61
62.936694381985845,63.60854753766126,66
93.24630023097549,95.91628321247569,97
84.78230919083256,86.7189390885767,84
98.45000831150124,100.40817362597012,96
88.54813372342103,87.72543934002195,91
95.50190695728472,98.46703095147971,90
77.87855756641571,79.3211777785207,77
85.25225858416194,86.81245597558424,80
75.090872204537,75.00058584761301,68
58.38362430778106,60.04174655072725,54
57.32601248682199,56.20150840669666,57
76.80904239365978,81.6023824861223,79
75.41601397218854,78.20185666766412,76
93.11151158187477,93.51338937870692,94
87.83309131238691,86.00756901830954,87
86.41747911708451,87.57045539840234,83
62.743315890385546,63.18788598821617,64
83.7699002275637,83.21908294186719,77
70.68707689270157,71.3964586974986,69
83.94766118229937,83.71659319248616,87
72.00629622713201,69.13184836724523,70
80.55731349732991,81.21429678771719,83
78.85393911492451,77.18665099264304,83
83.88016295767497,81.99259818396766,85
76.28066859488698,72.32763319986756,77
89.99560888412375,90.10706812212638,86
93.55224873286451,93.48210510542931,90
77.07445393659496,78.89949678629131,77
87.71448065340412,89.30457924341955,88
76.30571678296691,78.05741655037772,72
71.01599016377375,71.65099667925243,71
89.13355976531017,90.8191000858857,89
84.36788707892384,84.81629238687393,80
74.68047687443777,74.44404970500412,79
85.58270988826492,88.75504013818322,87
90.64881547599681,91.54924839079634,90
90.18394188361924,90.98114457384617,93
91.05191308388191,93.83641199268143,91
83.21337656191919,85.30451171848055,88
85.7583522790654,85.82190054087818,95
57.246949734883046,56.804342420997955,54
59.62021088443964,59.90582244649804,59
65.93615505691788,66.23363182365323,67
73.09002857916094,72.91046660276552,78
87.65750457265214,87.87781108774034,89
85.70106386752127,83.82395971571422,89
98.4058796719209,95.3737945668385,99
90.43349752788806,90.6829771000327,86
98.34326386875713,99.08403058347989,96
91.13094585987584,90.21184920646536,87
87.97684352999727,87.69396208043834,89
92.79660513519379,93.8826835983463,96
92.80461670677268,91.37829770980832,95
77.49014119623413,74.85379322565461,74
75.88565859136182,76.20444219411435,76
87.69617343569624,88.28642921521396,88
83.43600234618141,82.38304217882242,84
78.19939030660083,76.09681579977432,83
82.79093879219045,82.6911470953398,80
79.75154526747227,81.81466915935643,78
84.8165171642151,83.99849799542109,86
70.61236648625916,70.92617341929882,67
84.86591680625735,86.45287444922805,80
84.3821847828079,84.94267022093378,87
87.24636538852536,88.17893262770045,83
91.81044969084061,91.56945369667162,86
79.09539412666105,76.45747332450006,75
84.1788569172088,87.45092392513214,85
77.82616736573783,77.34532132272075,81
71.75461038747396,71.18768093981892,73
76.25223495936173,75.53458391389456,74
83.97609017316549,87.20467490978903,83
90.03732464144045,90.96935260594503,89
81.23530199849107,82.8099893329737,81
67.08708877953603,65.87055718944576,71
71.85897414591787,72.17478448364426,73
63.295442246952284,65.476451681674,59
69.95501915633587,72.30508915154311,69
80.40419887564661,78.7275522661742,80
84.3087760411556,85.6939113710496,86
96.00860980379196,94.05662985116363,95
68.192034498721,66.44322469520377,64
55.10486573569974,53.50747630152972,49
69.66412606069214,70.6360580575461,67
43.42996622021151,45.95799358507699,42
62.37233167942857,59.04137105331968,64
87.54749435168274,88.93287668211016,91
82.88499963681707,82.39091012212451,90
84.53667578903118,83.63931222167166,81
76.1722287730395,78.94877948132039,76
73.80109882740146,70.34139055402521,74
70.28060425705021,69.60733801110075,68
73.18577443951557,75.39656353865219,80
75.08698697636365,74.5480986766072,75
92.64036373704005,91.96368424098112,92
92.75304327331094,93.3963893085088,96
83.53222197858831,83.32587366974123,81
83.92657788223121,84.68831534326488,85
72.84907192959554,69.33388001456316,71
93.59594197138557,90.95825106482344,94
89.62756227161418,90.88714316027428,93
95.50800623865494,90.69272586793615,99
69.45220971671641,68.89976333377297,66
83.3408582600745,84.71581224953985,82
71.37220384112008,71.39642363778366,73
70.42760965565994,70.28848450617531,75
66.20192024737452,68.11380773120665,65
60.33022420190734,58.958017970445695,64
59.85591528634687,57.55216478305272,62
84.16383872455778,82.400896229556,84
68.47698446016071,70.27239804066775,64
82.31069286630563,82.09635800302667,87
65.93313001203842,65.43878449425776,76
57.4698641132389,55.913336841203844,64
56.64808975146743,53.40852146640964,56
47.28672833293439,46.46096683918527,50
65.92612209906088,69.63577916831181,67
66.15038244802578,65.89527581793158,62
77.87364383525933,75.90345510625994,78
81.2523932103247,79.21855443071773,76
70.51770627081612,71.45583976718204,66
56.69216694919755,60.058084063746975,53
53.39462475440979,55.92011144967233,59
57.16822839766526,57.408337655719166,55
67.84227026525771,69.06397451149887,63
78.91308304785876,75.5396408185197,73
62.895390613000345,62.01063859448863,61
63.11324082683885,64.48704777547458,60
55.57110424973111,53.21991732088926,56
62.156509694857945,59.40664762511046,62
67.99310745032076,65.8527085839864,70
68.69082248356479,68.11699858822871,71
73.21491651499504,74.2713599590236,76
76.1853530228571,76.45023480529937,70
