yearID,teamID,W_actual,W_pred
1997,ANA,84,82.9432608394159
1998,ANA,85,83.5225430371913
1999,ANA,70,68.29403785530621
2000,ANA,82,83.61397018955695
2001,ANA,75,76.72106863355765
2002,ANA,99,102.70504705376423
2003,ANA,77,80.05344360175185
2004,ANA,92,93.00821148844653
1998,ARI,65,65.7121472104275
1999,ARI,100,103.02555725746376
2000,ARI,85,85.43604797618583
2002,ARI,98,94.57202672586766
2003,ARI,84,84.48323506316407
2004,ARI,51,54.01917579548106
2005,ARI,77,69.94118348010696
2006,ARI,76,78.57370543790634
2007,ARI,90,83.16713049222551
2008,ARI,82,81.51410792553057
2009,ARI,70,72.82929662541689
2011,ARI,94,92.53880868831658
2013,ARI,81,81.31645700996026
2016,ARI,69,66.47452954483249
1966,ATL,85,90.9030939452311
1967,ATL,77,78.76689080579061
1970,ATL,76,75.29486811728927
1971,ATL,82,77.74545526748577
1972,ATL,70,67.3201373515307
1973,ATL,76,83.24372141715307
1974,ATL,88,87.58388981315935
1975,ATL,67,61.38221164694868
1976,ATL,70,70.7030142143069
1977,ATL,61,60.70778112479073
1978,ATL,69,66.67585140029601
1979,ATL,66,69.37689308589928
1980,ATL,81,76.02355805553213
1982,ATL,89,87.67683057759751
1983,ATL,88,92.71733377030876
1984,ATL,80,80.77807044042066
1985,ATL,66,62.301365997741215
1986,ATL,72,70.10330905211167
1987,ATL,69,71.90863839080285
1988,ATL,54,58.76728519987377
1989,ATL,63,67.33159568507885
1990,ATL,65,64.32001613845739
1991,ATL,94,93.34749115630511
1992,ATL,98,93.37515477532014
1993,ATL,104,100.74055020757919
1996,ATL,96,94.63619059408464
1997,ATL,101,100.76240589641495
1998,ATL,106,105.39908785381766
1999,ATL,103,99.59641614256428
2001,ATL,88,88.27629806550266
2002,ATL,101,98.5718237884474
2003,ATL,101,99.01233029569454
2004,ATL,96,94.45041320913506
2006,ATL,79,84.45906026762077
2007,ATL,84,85.1821217533736
2008,ATL,72,72.4458892610281
2009,ATL,86,88.36943930820132
2010,ATL,91,88.18313342078942
2012,ATL,94,90.41780548610967
2013,ATL,96,95.58476064213454
2015,ATL,67,63.83622170106936
1954,BAL,54,56.63849421539915
1955,BAL,57,54.16674915668864
1958,BAL,74,73.55073351034736
1960,BAL,89,82.99720042163261
1961,BAL,95,93.91294523673963
1962,BAL,77,79.83948452565106
1964,BAL,97,94.61337900089575
1967,BAL,76,85.93393502211515
1968,BAL,91,89.64506093441139
1969,BAL,109,108.23240370032146
1970,BAL,108,103.14138149026365
1971,BAL,101,99.8383000797366
1972,BAL,80,83.05536885860573
1974,BAL,91,86.53899494182023
1975,BAL,90,92.27930439213083
1976,BAL,88,83.36690451043435
1978,BAL,90,86.55357833328173
1979,BAL,102,97.97704142516886
1982,BAL,94,90.7640974877386
1983,BAL,98,95.79707861589088
1984,BAL,85,82.38139211809909
1985,BAL,83,84.9112320568362
1987,BAL,67,65.39086835067681
1988,BAL,54,54.43796898510912
1989,BAL,87,84.61487616960096
1990,BAL,76,77.72106911183498
1991,BAL,67,71.63675349941553
1992,BAL,89,90.21145823715955
1993,BAL,85,86.52311196530297
1996,BAL,88,88.62122644892514
1997,BAL,98,98.49995127591659
1998,BAL,79,82.86091424792085
1999,BAL,78,81.99707060710907
2000,BAL,74,70.31287117276835
2001,BAL,63,64.78609773767714
2002,BAL,67,69.98239171642425
2003,BAL,71,73.74576646147477
2005,BAL,74,73.53974561144527
2006,BAL,70,66.77242105928835
2007,BAL,69,67.29254908763095
2008,BAL,68,70.89626395960143
2009,BAL,64,64.92824893024246
2012,BAL,93,87.1867628906208
2013,BAL,85,88.8109121580879
2014,BAL,96,93.30121353075444
2015,BAL,81,81.53695012259259
2016,BAL,89,86.10727481879849
1904,BOS,95,92.35362875430457
1907,BOS,59,65.69660724592643
1908,BOS,75,78.91094917615405
1909,BOS,88,79.10514644688635
1910,BOS,81,85.41470965634733
1911,BOS,78,79.68015268621902
1916,BOS,91,86.05213913140989
1917,BOS,90,91.3833853858711
1920,BOS,72,75.16823731588927
1922,BOS,61,57.46393742392117
1923,BOS,61,57.10397577398203
1926,BOS,46,48.00976265116516
1927,BOS,51,51.25225069862954
1928,BOS,57,59.72585422550509
1929,BOS,58,59.14578011887797
1930,BOS,52,55.86204044735594
1931,BOS,62,55.87873503322169
1932,BOS,43,39.18551168734034
1934,BOS,76,77.1152940318751
1935,BOS,78,76.9299075149778
1936,BOS,74,76.9100758463263
1937,BOS,80,81.45503737930605
1938,BOS,88,88.27168176733471
1939,BOS,89,84.94685060612362
1941,BOS,84,86.22422180592619
1942,BOS,93,92.63737025558095
1944,BOS,77,81.32517647473254
1945,BOS,71,67.79958517966153
1946,BOS,104,97.75360150761793
1947,BOS,83,82.44847191402656
1948,BOS,96,91.32977710507225
1949,BOS,96,98.18838030712769
1950,BOS,94,97.45036758984985
1952,BOS,76,77.4418599989848
1953,BOS,84,81.73533987571719
1954,BOS,69,74.31423903429659
1955,BOS,84,88.91178136316628
1956,BOS,84,80.82138559669642
1957,BOS,82,81.77452376106913
1958,BOS,79,79.01929541379613
1959,BOS,75,77.893906061667
1960,BOS,65,65.41259164360062
1962,BOS,76,78.48490561202075
1963,BOS,76,75.8428218135241
1964,BOS,72,70.57198678395558
1965,BOS,62,67.4301823162709
1966,BOS,72,73.78962212079782
1967,BOS,92,94.9607785810095
1968,BOS,86,83.09192389865258
1971,BOS,85,85.72473105742343
1974,BOS,84,84.56412955971678
1975,BOS,95,92.99958564085482
1976,BOS,83,87.445632949696
1977,BOS,97,97.80301802283017
1978,BOS,99,95.44210692592688
1982,BOS,89,83.59114203992999
1983,BOS,78,79.082988805991
1984,BOS,86,85.56454480776647
1985,BOS,81,86.75278180794768
1989,BOS,83,84.76508801482049
1990,BOS,88,85.2883310779533
1991,BOS,84,83.97161518831248
1992,BOS,73,73.41278462998598
1993,BOS,80,82.23022594660483
1996,BOS,85,82.02431674399506
1997,BOS,78,80.32672111588069
1998,BOS,92,97.19472820050427
1999,BOS,94,93.25371369548353
2000,BOS,85,86.31559560835696
2001,BOS,82,85.80838462362568
2002,BOS,93,99.51537112869349
2003,BOS,95,93.24298645305957
2006,BOS,86,81.72058617961514
2007,BOS,96,99.1398444396308
2008,BOS,95,96.09937776495903
2010,BOS,89,87.71964249693416
2011,BOS,90,91.19477950682835
2012,BOS,69,72.67328776842942
2013,BOS,97,95.29494877517615
2014,BOS,71,71.6870416622343
2015,BOS,78,79.10039639407552
2016,BOS,93,97.21256633295386
1904,BRO,56,62.145818975519305
1905,BRO,48,45.70113948309309
1907,BRO,65,67.25419172969518
1908,BRO,53,62.50129166563052
1909,BRO,55,59.44639076943667
1910,BRO,64,66.15497185107628
1911,BRO,64,62.06303204856579
1912,BRO,58,65.62278169409183
1913,BRO,65,72.18325147951839
1914,BRO,75,75.85274549840774
1917,BRO,70,73.05712886528806
1921,BRO,77,74.82908916457397
1922,BRO,76,76.22152520528508
1923,BRO,76,75.75356771037778
1924,BRO,92,81.55835613748255
1925,BRO,68,67.15577742153943
1926,BRO,71,68.68460119131433
1927,BRO,65,66.46503957261703
1928,BRO,77,80.96625160419231
1929,BRO,70,68.1434618189316
1930,BRO,86,91.469937901674
1931,BRO,79,75.98088016544239
1932,BRO,81,76.58576982100807
1934,BRO,71,69.26629323708714
1936,BRO,67,66.33199545812006
1937,BRO,62,58.45186336151744
1938,BRO,69,71.91801349427271
1941,BRO,100,97.96396913563157
1942,BRO,104,99.64556341522575
1947,BRO,94,89.26264577901895
1948,BRO,84,83.86090611002376
1949,BRO,97,98.1256545946083
1950,BRO,89,90.18359715854291
1951,BRO,97,93.85364384089596
1952,BRO,96,93.39115553002935
1953,BRO,105,103.1245897172953
1954,BRO,92,87.4576351507481
1955,BRO,98,101.03543284045969
1956,BRO,93,90.70246537540467
1957,BRO,84,87.36632202914298
1904,BSN,55,49.797788283505426
1906,BSN,49,50.354213318287584
1907,BSN,58,59.58116004035081
1908,BSN,63,65.36232105897051
1909,BSN,45,48.291315010239124
1910,BSN,53,54.329006862467146
1911,BSN,44,46.011915888358295
1912,BSN,52,60.78330491492533
1913,BSN,69,71.12973232911543
1914,BSN,94,88.81107970507709
1915,BSN,83,83.77142539906708
1917,BSN,72,76.12485629936586
1920,BSN,62,62.31010896954341
1921,BSN,79,79.58349152916192
1922,BSN,53,52.22962397477067
1923,BSN,54,58.98529568341574
1924,BSN,53,48.251616555392545
1925,BSN,70,66.63511726802791
1926,BSN,66,65.05735409160039
1927,BSN,60,63.374221715133835
1928,BSN,50,52.41372642066085
1929,BSN,56,57.767983944145364
1931,BSN,64,61.71917575493274
1932,BSN,77,74.48601326035443
1935,BSN,38,43.70543290288987
1936,BSN,71,66.47227737351925
1937,BSN,79,76.14219744937469
1938,BSN,77,69.77088407746454
1939,BSN,63,65.06179962729567
1940,BSN,65,61.752805418803185
1941,BSN,62,58.523658496765236
1942,BSN,59,58.5703782291822
1944,BSN,65,66.81098318928514
1946,BSN,81,78.48502293586401
1947,BSN,86,83.3992468511135
1948,BSN,91,92.36950919068954
1949,BSN,75,75.56748765498756
1950,BSN,83,81.35441606975536
1951,BSN,76,82.65831484573275
1952,BSN,64,67.08070717306977
1965,CAL,75,75.94780074141704
1966,CAL,80,78.9536776919144
1967,CAL,84,79.9519556764838
1968,CAL,67,66.1674424319477
1970,CAL,86,83.47117824929427
1971,CAL,76,74.57226525923427
1972,CAL,75,67.10551017025176
1973,CAL,79,77.95378572114402
1975,CAL,72,70.33817111791485
1976,CAL,76,73.86533905973604
1977,CAL,74,80.02940018386897
1978,CAL,87,84.94353820963696
1980,CAL,65,70.69850743490376
1982,CAL,93,95.49096262279457
1983,CAL,70,73.49116155606147
1984,CAL,81,79.35968474356127
1986,CAL,92,93.15150032028073
1988,CAL,75,74.78726877877932
1989,CAL,91,89.76437671409595
1990,CAL,80,80.2229177360372
1992,CAL,72,73.71277684706997
1993,CAL,71,75.91463801306084
1996,CAL,70,65.02968725501016
1904,CHA,89,88.08833510899993
1905,CHA,92,93.34547645413758
1906,CHA,93,84.30316510705819
1907,CHA,87,87.70166972290312
1909,CHA,78,79.67724501309823
1911,CHA,77,84.88348682712723
1912,CHA,78,77.44486272790985
1913,CHA,78,72.91666114298617
1914,CHA,70,67.21463460100941
1916,CHA,89,89.16907187277222
1917,CHA,100,100.3866510037351
1920,CHA,96,94.11062298656503
1921,CHA,62,61.6865735235009
1922,CHA,77,80.6996674511434
1923,CHA,69,76.15302240074239
1924,CHA,66,72.5707036809095
1926,CHA,81,87.3551746526534
1927,CHA,70,75.14196025934658
1928,CHA,72,73.51383199025003
1929,CHA,59,60.148925384246475
1934,CHA,53,52.49958916130597
1936,CHA,81,78.04141436859155
1937,CHA,86,82.68904515498525
1940,CHA,82,85.0274492204243
1941,CHA,77,76.4701837281722
1943,CHA,82,75.20809972313806
1944,CHA,71,63.719116721754645
1945,CHA,71,70.94977957278041
1946,CHA,74,71.76104454750211
1947,CHA,70,67.32028896365995
1950,CHA,60,63.08230810792625
1951,CHA,81,86.10156840782989
1952,CHA,81,82.84986734247904
1953,CHA,89,93.35073573240795
1954,CHA,94,99.18266312909756
1955,CHA,91,92.88631348188235
1956,CHA,85,89.29721837086677
1958,CHA,82,80.36804522166901
1960,CHA,87,90.163059807494
1961,CHA,86,84.52782681748427
1962,CHA,85,85.54614148921908
1963,CHA,94,96.42118082827872
1964,CHA,98,96.73225850750853
1965,CHA,95,93.82584532336323
1967,CHA,89,86.95597710831635
1968,CHA,67,73.55606343459479
1970,CHA,56,58.61977425276058
1971,CHA,79,83.53169326951894
1972,CHA,87,82.87559724098426
1973,CHA,77,79.38901216164331
1974,CHA,80,80.17352353762688
1975,CHA,75,77.75497326191422
1976,CHA,64,65.47512470282174
1977,CHA,90,88.91677341882763
1978,CHA,71,71.80153811819105
1979,CHA,73,78.38521292197282
1980,CHA,70,70.31216106359197
1982,CHA,87,88.50151788879994
1983,CHA,99,98.9165189053407
1984,CHA,74,76.74280940020782
1985,CHA,85,83.64632821037799
1986,CHA,72,75.51569073460882
1987,CHA,77,82.38986434069727
1989,CHA,69,75.76928562618495
1990,CHA,94,94.55346142654827
1991,CHA,87,90.19556645218354
1992,CHA,86,90.50355512829196
1993,CHA,94,94.75054931649835
1996,CHA,85,91.52949015187622
1997,CHA,80,80.0464278518503
1999,CHA,75,72.18540541098149
2000,CHA,95,93.13376943382076
2001,CHA,83,85.9809268892256
2002,CHA,81,83.75409400704672
2003,CHA,86,86.96928028529172
2005,CHA,99,96.40438405584699
2006,CHA,90,89.91946742541228
2008,CHA,89,86.63131220328285
2009,CHA,79,78.56790741800258
2011,CHA,79,77.43561636249447
2012,CHA,85,85.64175122019628
2013,CHA,63,68.23746356094681
2014,CHA,73,69.18275859387026
2015,CHA,76,72.08809676420694
2016,CHA,78,78.9956886490207
1904,CHN,93,83.0481501942557
1905,CHN,92,98.10747482089397
1906,CHN,116,109.16561379791436
1907,CHN,107,93.64353856805337
1908,CHN,99,97.73656037463223
1909,CHN,104,99.92743680978285
1910,CHN,104,100.39410826703849
1912,CHN,91,85.29281348921998
1913,CHN,88,86.52166418536235
1914,CHN,78,70.79861897829736
1916,CHN,67,72.26667391966078
1922,CHN,80,76.99083449705992
1923,CHN,83,82.3878094829144
1924,CHN,81,77.97192770911542
1926,CHN,82,86.05029599058165
1927,CHN,85,84.04209827794583
1928,CHN,91,87.39038785034802
1929,CHN,98,100.80867972174917
1930,CHN,90,89.33699871332558
1932,CHN,90,83.48577718984632
1934,CHN,86,80.55667862682617
1935,CHN,100,98.54952716525625
1936,CHN,87,89.04882783213787
1938,CHN,89,88.52344471109129
1939,CHN,84,81.29063229666235
1940,CHN,75,79.3996550181015
1942,CHN,68,69.2123335296252
1945,CHN,98,95.11487233775395
1947,CHN,69,59.281797916975506
1948,CHN,64,60.00447398626009
1950,CHN,64,63.990060352284445
1952,CHN,77,75.86711395023694
1953,CHN,65,57.073127778152
1954,CHN,64,68.53349046197228
1955,CHN,72,69.16126506214584
1957,CHN,62,67.01883007875168
1958,CHN,72,72.69714144126667
1959,CHN,74,73.85182805600941
1960,CHN,60,63.500144076451235
1962,CHN,59,59.995516305935766
1963,CHN,82,79.22860362468957
1964,CHN,76,71.33513137863858
1965,CHN,72,72.54347125868145
1966,CHN,59,62.62121397281615
1967,CHN,87,88.14369788378944
1969,CHN,92,89.97590916179843
1970,CHN,84,91.56865982704258
1971,CHN,83,79.46690681383268
1973,CHN,77,76.84700969604108
1976,CHN,75,70.65381213178848
1977,CHN,81,78.00766589227189
1978,CHN,79,75.5667850530535
1979,CHN,80,82.14373979587437
1980,CHN,64,68.39148421164674
1982,CHN,73,77.61042091698683
1985,CHN,77,77.23677160546528
1986,CHN,70,72.6060568875391
1987,CHN,76,75.40118586277647
1988,CHN,77,75.82737243807905
1989,CHN,93,93.64454641619082
1993,CHN,84,85.11405951884976
1997,CHN,68,72.58094957719167
1998,CHN,90,90.94144961094783
2001,CHN,88,88.80166166526556
2002,CHN,67,70.04652918859351
2003,CHN,88,84.68239621710995
2004,CHN,89,92.53516065067663
2005,CHN,79,79.7070155230779
2006,CHN,66,66.77078738478534
2007,CHN,85,84.40854415327277
2008,CHN,97,97.3193495242149
2010,CHN,75,71.78142925756225
2011,CHN,71,69.21532559716256
2012,CHN,61,60.09458357029897
2013,CHN,66,70.56998236075164
2014,CHN,73,70.55393164714768
2015,CHN,97,89.70406791969
2016,CHN,103,101.52509073182429
1904,CIN,88,90.93019508000717
1907,CIN,66,75.77245705456097
1908,CIN,73,71.70399232745508
1909,CIN,77,77.33895888667277
1910,CIN,75,71.03348745673519
1911,CIN,70,75.12329749117112
1913,CIN,64,66.10432803225677
1914,CIN,60,63.44874130737517
1915,CIN,71,73.03010175305775
1916,CIN,60,65.589592058613
1917,CIN,78,74.76094500464117
1920,CIN,82,85.17864495788749
1921,CIN,70,75.42923859602031
1922,CIN,86,86.78141256479594
1923,CIN,91,85.9357466341799
1924,CIN,83,83.14692890400485
1925,CIN,80,83.79868310764829
1928,CIN,78,74.38340195029313
1930,CIN,59,57.63460015362085
1931,CIN,58,57.69351649820352
1932,CIN,60,62.101033478403686
1934,CIN,52,54.37648300374384
1935,CIN,68,61.81792410185098
1936,CIN,74,71.20546216436523
1937,CIN,56,65.62110050120857
1938,CIN,82,83.49017210558878
1940,CIN,100,94.47909584888325
1941,CIN,88,80.33485177859524
1942,CIN,76,72.11350372414726
1943,CIN,87,84.24803933941442
1945,CIN,61,58.00520238545667
1948,CIN,64,58.558454524803025
1949,CIN,62,59.84183877408659
1950,CIN,66,68.07359835053418
1951,CIN,68,67.25309758474633
1952,CIN,69,68.70312859546425
1953,CIN,68,66.84519753553987
1954,CIN,74,73.5267233044981
1955,CIN,75,83.05721219452641
1956,CIN,91,90.73788213936334
1957,CIN,80,77.01714415585249
1958,CIN,76,83.7607018360177
1959,CIN,74,80.69654199965179
1960,CIN,67,74.23372081634889
1961,CIN,93,87.05525508283715
1962,CIN,98,93.40803379436448
1963,CIN,86,86.96001297067886
1964,CIN,92,91.13245971585559
1966,CIN,76,78.76890613290908
1968,CIN,83,83.58580079479336
1970,CIN,102,96.89293614362623
1971,CIN,79,80.92939591120123
1972,CIN,95,99.7546343567112
1973,CIN,99,95.97079225009236
1974,CIN,98,92.40770840043916
1975,CIN,108,106.18653972986215
1976,CIN,102,103.76031254392116
1977,CIN,88,88.83702608777502
1978,CIN,92,85.92197757811329
1979,CIN,90,89.33178144017361
1980,CIN,89,86.19713287878699
1982,CIN,61,69.06581086472922
1983,CIN,74,72.39602843894217
1984,CIN,70,66.51932335290482
1985,CIN,89,85.63105192807718
1986,CIN,86,84.13515148396642
1987,CIN,84,84.86727213456811
1988,CIN,87,86.66991306883699
1989,CIN,75,75.37924634059355
1990,CIN,91,93.5348183652348
1992,CIN,90,90.58024213327468
1993,CIN,73,73.64443685451101
1996,CIN,81,85.42964089806348
1997,CIN,76,73.95207663064014
1998,CIN,77,79.2820466027033
1999,CIN,96,98.92638703039145
2001,CIN,66,67.62901575979443
2002,CIN,78,75.60584867183779
2003,CIN,69,62.30243387797762
2004,CIN,76,70.28621450371624
2005,CIN,73,71.72264963284464
2006,CIN,80,75.15864765620704
2007,CIN,72,73.51110725504539
2008,CIN,74,69.8945820396087
2009,CIN,78,77.66751728608594
2010,CIN,91,91.40637878070007
2011,CIN,79,81.63423839790966
2012,CIN,97,93.59925608975774
2013,CIN,90,92.0893512968691
2014,CIN,76,79.01202331962139
2016,CIN,68,65.29151442582763
1904,CLE,86,91.3042705545505
1905,CLE,76,75.02445319152429
1907,CLE,85,77.14299333875809
1908,CLE,90,86.51104562071384
1909,CLE,71,68.07866584964788
1910,CLE,71,67.91769555572998
1911,CLE,80,74.09043833597467
1912,CLE,75,74.75820657318565
1913,CLE,86,87.42273376488203
1914,CLE,51,55.42875381293413
1915,CLE,57,60.8167419333637
1916,CLE,77,80.94585393756596
1917,CLE,88,84.8338941324927
1920,CLE,98,99.74783545077139
1921,CLE,94,97.60994037162881
1922,CLE,78,74.16020742548984
1923,CLE,82,90.86150125786634
1924,CLE,67,71.30019979012884
1926,CLE,88,88.60036839758038
1927,CLE,66,67.09575572184214
1928,CLE,62,64.11120855074213
1929,CLE,81,77.61446831942007
1932,CLE,87,86.10485622158063
1934,CLE,85,83.17226763274809
1936,CLE,80,82.05476171109194
1937,CLE,83,80.87625722660277
1938,CLE,86,82.536323648678
1939,CLE,87,84.98390118833322
1940,CLE,89,84.38515294146256
1942,CLE,75,68.40150490532181
1943,CLE,82,80.48264774723222
1947,CLE,80,88.58705777045475
1948,CLE,97,105.46240756812077
1950,CLE,92,91.9580086839174
1951,CLE,93,88.28873870126036
1952,CLE,93,94.01231300668032
1953,CLE,92,91.21255915593211
1956,CLE,88,90.99406142596709
1958,CLE,77,81.76077969490092
1959,CLE,89,87.19864307107319
1960,CLE,76,75.81646049056141
1961,CLE,78,76.11509077052708
1963,CLE,79,73.59738387177623
1964,CLE,79,83.42728913532477
1965,CLE,87,88.97390967272179
1966,CLE,81,79.79076769593746
1967,CLE,75,76.9308300150161
1968,CLE,86,81.98530381889421
1969,CLE,62,64.26652816329258
1970,CLE,76,78.90819384792961
1971,CLE,60,59.391950518455445
1972,CLE,72,72.36262528724747
1973,CLE,71,68.07137849850392
1974,CLE,77,76.6456283786244
1976,CLE,81,83.57202821088332
1977,CLE,71,77.54661974196105
1979,CLE,81,76.99136313982433
1980,CLE,79,75.15672950350198
1982,CLE,78,75.40800585719029
1983,CLE,70,71.90051523203442
1984,CLE,75,79.04670518333552
1985,CLE,60,65.35507568650495
1986,CLE,84,80.4436934247916
1987,CLE,61,58.35651605057442
1988,CLE,78,78.57340133104029
1990,CLE,77,82.07647221033406
1991,CLE,57,62.44892820923112
1992,CLE,76,76.71600505201505
1993,CLE,76,79.59640091718416
1996,CLE,99,99.09417699597397
1997,CLE,86,84.85272246173301
1998,CLE,89,90.24524658211931
1999,CLE,97,95.11084030182639
2000,CLE,90,89.73403093841065
2001,CLE,91,88.64243038663682
2002,CLE,74,69.8582534284434
2004,CLE,80,80.16264618097134
2006,CLE,78,82.99251986611492
2007,CLE,96,93.78954129430218
2008,CLE,81,81.4082044210422
2009,CLE,65,67.80426250612042
2011,CLE,80,74.42709760858023
2013,CLE,92,86.51227671830188
2014,CLE,85,81.83056471756649
2015,CLE,81,82.79140183126927
2016,CLE,94,89.42102095401457
1993,COL,67,62.88895182049852
1996,COL,83,77.606146652489
1997,COL,83,83.41437321860728
1998,COL,77,78.58407499863152
1999,COL,72,69.99629378459487
2000,COL,82,84.59843451942888
2001,COL,73,79.1999265773915
2002,COL,73,72.18233569591993
2003,COL,74,74.88621036682676
2004,COL,68,73.16130670333717
2005,COL,67,67.28119624202596
2006,COL,76,80.26777865600495
2007,COL,90,90.30961214231135
2008,COL,74,72.76817799865987
2010,COL,83,83.88750570193824
2012,COL,64,67.67371662038121
2013,COL,74,72.71800172514612
2014,COL,66,69.68725748825902
2015,COL,68,69.06795015128802
1904,DET,62,65.4939992913933
1905,DET,79,65.5871610448659
1906,DET,71,65.79324736057086
1907,DET,92,90.88873580765178
1908,DET,90,86.23201383648671
1909,DET,98,99.48280347153647
1910,DET,86,86.46758582397402
1911,DET,89,82.46393785928663
1912,DET,69,70.09856704174054
1913,DET,66,67.48387487500091
1914,DET,80,77.91421494450498
1915,DET,100,97.74757520827649
1916,DET,87,85.57758688758042
1917,DET,78,84.86940090366897
1920,DET,61,60.382789449155524
1923,DET,83,85.71081525890258
1924,DET,86,84.93839469844627
1925,DET,81,87.07379691761749
1926,DET,79,77.07760311551141
1927,DET,82,84.83835871571206
1928,DET,68,72.59918923776956
1930,DET,75,73.89832488650933
1931,DET,61,57.91520327519493
1932,DET,76,76.37685250097903
1933,DET,75,75.20931437635733
1934,DET,101,97.34817664185456
1935,DET,93,98.66573067967084
1936,DET,83,81.83013134161287
1937,DET,89,84.14403921215504
1938,DET,84,80.81549476965883
1940,DET,90,92.23149170914613
1941,DET,75,68.76771811256168
1942,DET,73,73.8218069973504
1943,DET,78,84.04718238709881
1944,DET,88,82.3970868878834
1945,DET,88,83.9316393495235
1947,DET,85,85.1078021693518
1948,DET,78,76.50099451470372
1949,DET,87,85.66991057005777
1950,DET,95,92.88027871486732
1951,DET,73,70.23066222028231
1952,DET,50,58.274906368390546
1953,DET,60,57.72948842249673
1954,DET,68,69.03537174805464
1955,DET,79,86.32694845765448
1956,DET,82,85.04669960514013
1957,DET,78,78.65115297544946
1958,DET,77,81.95360873089297
1959,DET,76,76.1095369516082
1961,DET,101,98.46487328290915
1962,DET,85,87.6317241099602
1963,DET,79,80.82856227018544
1964,DET,85,84.11441145842412
1965,DET,89,88.46020345676958
1966,DET,88,85.2532252451223
1968,DET,103,99.81091041273248
1969,DET,90,90.19082527788682
1970,DET,79,76.59585147885258
1971,DET,91,89.72122253083188
1972,DET,86,83.23447277707062
1973,DET,85,82.71256227593523
1974,DET,72,63.54565748655777
1976,DET,74,69.20227049363513
1977,DET,74,76.08304104327712
1978,DET,86,86.18667200061425
1979,DET,85,85.88320058910261
1980,DET,84,87.93967147456726
1982,DET,83,84.50994965597255
1983,DET,92,90.84513403631699
1985,DET,84,85.50525854408227
1986,DET,87,90.42396689010693
1988,DET,88,86.0542867515403
1989,DET,59,58.34994339334611
1990,DET,79,80.93768726434035
1991,DET,84,82.2594980816267
1992,DET,75,77.58472345681466
1996,DET,53,51.60926942677788
1997,DET,79,82.23464877837485
1998,DET,65,65.30196590055357
1999,DET,69,67.20406611415021
2001,DET,66,65.90113491249679
2002,DET,55,52.71736172897059
2003,DET,43,47.12292407812607
2006,DET,95,94.30576797607587
2008,DET,74,75.38382840824816
2009,DET,86,80.91220641238715
2010,DET,81,77.75830852891575
2011,DET,95,90.93729136453882
2012,DET,88,86.13070942110865
2013,DET,93,94.69238554211735
2014,DET,90,85.87910715319238
2016,DET,86,84.60667246809658
1993,FLO,64,67.90377800191487
1996,FLO,80,78.90974226683048
1997,FLO,92,86.82943931611447
1998,FLO,54,54.164537793383666
1999,FLO,64,63.14209473432228
2000,FLO,79,75.83532533489355
2001,FLO,76,77.28423305465378
2002,FLO,79,75.51275358953205
2003,FLO,91,86.1038587631567
2005,FLO,83,82.11587824754587
2006,FLO,78,79.68305038252778
2007,FLO,71,71.82214260043301
2008,FLO,84,78.65450513077175
2009,FLO,87,82.74888385838904
2010,FLO,80,78.46532588043317
2011,FLO,72,74.79597897118207
1963,HOU,66,58.30866638518891
1965,HOU,65,64.44616948694403
1966,HOU,72,69.35910642492969
1968,HOU,72,71.43921972908204
1969,HOU,81,82.58585955206723
1970,HOU,79,79.66628186279375
1971,HOU,79,81.93878471162205
1972,HOU,84,84.93144939199892
1973,HOU,82,81.29000045351074
1975,HOU,64,74.53718131373739
1977,HOU,81,83.15973548613911
1978,HOU,74,76.39948933817729
1980,HOU,93,88.69391146564183
1982,HOU,77,75.35216063189958
1983,HOU,85,84.80510999320484
1985,HOU,83,82.44889039402636
1986,HOU,96,92.66715842113976
1989,HOU,86,78.83705406609351
1990,HOU,75,72.0938433364273
1991,HOU,65,66.60629649393854
1993,HOU,85,90.1935552286095
1996,HOU,82,76.00238107385927
1997,HOU,84,90.95168957235782
1998,HOU,102,104.4964771642393
1999,HOU,97,97.77035427405434
2000,HOU,72,78.95218833508505
2001,HOU,93,91.86283781552856
2002,HOU,84,86.36589915369424
2004,HOU,92,92.5696197753287
2005,HOU,89,89.53966149331204
2006,HOU,82,84.2344178357165
2007,HOU,73,72.76830105373254
2008,HOU,86,80.31644654304986
2009,HOU,74,69.59894734272656
2010,HOU,76,70.63961582641566
2011,HOU,56,57.26946288444378
2013,HOU,51,56.77678615266962
2015,HOU,86,89.50247889965982
1955,KC1,63,52.12405648280747
1956,KC1,52,54.00938642207369
1957,KC1,59,60.37861062562043
1959,KC1,66,67.78965610337762
1962,KC1,72,71.45525476866094
1963,KC1,73,72.20144216152428
1964,KC1,57,58.15088099137094
1965,KC1,59,63.00970381438674
1966,KC1,74,74.70489313733181
1967,KC1,62,66.80186075506049
1969,KCA,69,70.15894195041214
1971,KCA,85,85.5190934289265
1972,KCA,76,81.62866849700214
1973,KCA,88,83.21626025286699
1974,KCA,77,79.79668761774886
1976,KCA,90,92.80095837963077
1977,KCA,102,101.11973920194939
1978,KCA,92,92.57088719985114
1979,KCA,85,83.78292936934349
1980,KCA,97,93.48268006325681
1982,KCA,90,87.72385742499728
1984,KCA,84,82.98607160426437
1987,KCA,83,80.68702980493524
1988,KCA,84,83.80544003386001
1989,KCA,92,86.79688498357939
1990,KCA,75,77.7330137343896
1991,KCA,82,83.08514522801141
1993,KCA,84,82.75783668754279
1996,KCA,75,76.78370161315277
1997,KCA,67,70.87413268053699
1998,KCA,72,66.48957839500092
2000,KCA,77,73.30803895928385
2002,KCA,62,64.40939304082258
2003,KCA,83,77.71800477174773
2004,KCA,58,58.19384614932112
2005,KCA,56,54.654254424104295
2006,KCA,62,60.98115019140329
2007,KCA,69,72.10999444037549
2008,KCA,75,73.30745042068816
2009,KCA,65,65.0036857438712
2010,KCA,67,66.70221325615661
2011,KCA,71,75.97242272862024
2013,KCA,86,87.06936244835907
2014,KCA,89,85.99328733262985
2016,KCA,81,76.03096297824655
1961,LAA,70,74.67910554953008
1962,LAA,86,84.85206807738095
1963,LAA,70,72.51408293720047
1964,LAA,82,81.31077243492565
2005,LAA,95,95.61141175355789
2006,LAA,89,87.242068325535
2007,LAA,94,89.55969000486778
2009,LAA,97,95.15444830856492
2010,LAA,80,78.16645709421641
2011,LAA,86,85.09842128336945
2014,LAA,98,95.45030548478559
2016,LAA,74,75.43404511841153
1959,LAN,88,83.45513049611361
1960,LAN,82,83.66629783292717
1961,LAN,89,84.37660640628856
1962,LAN,102,99.18095229584378
1963,LAN,99,89.9712886106131
1965,LAN,97,92.48397411682791
1966,LAN,95,93.44771479282664
1967,LAN,73,72.24549877878698
1969,LAN,85,88.49918294954966
1970,LAN,87,89.58800264860473
1971,LAN,89,88.54610427088133
1972,LAN,85,83.47946128278848
1973,LAN,95,94.62765384778655
1974,LAN,102,98.47291447420608
1975,LAN,88,90.42677116509525
1976,LAN,92,86.98098060273979
1977,LAN,98,100.40508821102506
1978,LAN,95,96.91400618442887
1979,LAN,79,83.94048856443777
1980,LAN,92,89.8347679331961
1982,LAN,88,87.96919526113678
1983,LAN,91,86.30690092154026
1984,LAN,79,77.57528244441176
1985,LAN,95,91.62209461689085
1986,LAN,73,73.60113352732373
1987,LAN,73,75.31152312162783
1988,LAN,94,92.73225438842996
1989,LAN,77,81.57537893820756
1990,LAN,86,82.64362871729422
1991,LAN,93,89.67176128219899
1992,LAN,63,67.89071652551182
1996,LAN,90,88.09929718785315
1997,LAN,88,91.18657660001941
1998,LAN,83,82.03664796187248
1999,LAN,77,79.93819943167348
2000,LAN,86,85.51899240771141
2001,LAN,86,83.93535330900735
2002,LAN,92,92.20469489345761
2003,LAN,85,85.8050767421897
2004,LAN,93,90.86146183929083
2005,LAN,71,73.34018225313405
2006,LAN,88,86.32052076929266
2007,LAN,82,81.50568286470084
2008,LAN,84,83.42904530286532
2009,LAN,95,97.59218030459178
2010,LAN,80,78.1681436796234
2012,LAN,86,83.16635220125531
2014,LAN,94,92.2991633076183
2016,LAN,91,89.78184251728081
2012,MIA,69,69.55556164462695
2013,MIA,62,66.00130431284225
2015,MIA,71,71.47616255379802
2016,MIA,79,81.11197021710703
1998,MIL,74,71.13662399160502
1999,MIL,74,74.87821332420995
2000,MIL,73,69.9070224414863
2001,MIL,68,70.5435457713916
2002,MIL,56,62.1609804057248
2003,MIL,68,69.25417725064369
2004,MIL,67,70.06410060536413
2005,MIL,81,85.29598489931587
2006,MIL,75,73.22598005704513
2008,MIL,90,88.82686106287504
2009,MIL,80,78.59251754599146
2010,MIL,77,73.32789879813002
2013,MIL,74,75.8922497362954
2014,MIL,82,82.52383449116834
2015,MIL,68,71.68458243606267
2016,MIL,73,76.14916154675768
1962,MIN,91,90.07535518098179
1963,MIN,91,96.57870949350597
1964,MIN,79,88.02305904425825
1966,MIN,89,88.12204871828092
1967,MIN,91,88.4792386757166
1968,MIN,79,79.2462520604938
1969,MIN,97,101.2425143901747
1970,MIN,98,99.61016302131151
1971,MIN,74,76.90480088757022
1973,MIN,81,85.89629415206213
1974,MIN,82,80.12412535981389
1975,MIN,76,77.13904637196177
1976,MIN,85,80.83955408971887
1977,MIN,84,85.05423746496128
1980,MIN,77,76.07207055621481
1982,MIN,60,64.97064914654428
1984,MIN,81,80.81172231770213
1985,MIN,77,75.13338897820293
1986,MIN,71,71.46195726096562
1987,MIN,85,80.32621675722405
1988,MIN,91,93.2210874191594
1989,MIN,80,80.13336653540188
1990,MIN,74,76.6008102107331
1991,MIN,95,98.06647053559317
1992,MIN,90,92.89415173714411
1993,MIN,71,69.21140892105404
1996,MIN,78,77.06673490180371
1997,MIN,68,69.23621113774966
1998,MIN,70,72.51869661957203
1999,MIN,63,64.67332825922298
2002,MIN,94,89.0236389762909
2003,MIN,90,87.67077560121984
2004,MIN,92,90.15934480461837
2005,MIN,83,84.55746710210278
2006,MIN,96,90.25493748632542
2007,MIN,79,78.37792632045243
2008,MIN,88,88.42049281856194
2009,MIN,87,88.34513991266502
2010,MIN,94,91.66732733330201
2011,MIN,63,59.127813583191966
2012,MIN,66,66.49672096609004
2013,MIN,66,63.959330374612264
2014,MIN,70,71.70723164527492
1953,ML1,92,90.25605732766431
1955,ML1,85,82.61640505589082
1956,ML1,92,94.7271218255892
1957,ML1,95,94.16314050218614
1959,ML1,86,87.89206076871815
1960,ML1,88,86.32305579647695
1961,ML1,83,82.37526571258095
1963,ML1,84,87.91056979806933
1964,ML1,88,87.87580750499308
1965,ML1,86,89.01202250661922
1970,ML4,65,66.58161063667828
1971,ML4,69,71.87529663893017
1972,ML4,65,68.37702620965175
1973,ML4,74,79.51734285408467
1974,ML4,76,78.17782526888982
1975,ML4,68,70.73904667837458
1976,ML4,66,71.20956492949524
1977,ML4,67,66.9774105789837
1978,ML4,93,94.93236331463751
1979,ML4,95,90.84212485424345
1980,ML4,86,92.88366013049055
1982,ML4,95,100.47512786612346
1984,ML4,67,71.15397751404882
1985,ML4,71,71.0652157197587
1986,ML4,77,73.08334394568946
1988,ML4,87,91.31656224872921
1989,ML4,81,82.86885606254404
1990,ML4,74,79.30413504304104
1991,ML4,83,87.83539656123888
1992,ML4,92,93.56784249830802
1993,ML4,69,73.3909523599165
1996,ML4,80,80.88319275888367
1997,ML4,78,75.2999070840901
1969,MON,52,55.19955341152386
1970,MON,73,68.05927539236708
1971,MON,71,70.25621766980737
1972,MON,70,67.17203140524666
1973,MON,79,79.04277040530063
1974,MON,79,78.18578104398048
1976,MON,55,57.23136700042971
1977,MON,75,76.04964250349389
1978,MON,76,81.89954747670657
1979,MON,95,94.22349842487841
1982,MON,86,91.87159813717254
1984,MON,78,82.14626972157886
1985,MON,84,85.27521900821407
1986,MON,78,80.81487386673513
1987,MON,91,86.19023245792681
1988,MON,81,85.84191169426543
1989,MON,81,80.02726034343715
1990,MON,85,91.80339117451831
1991,MON,71,72.15599330899092
1993,MON,94,90.64238019457292
1996,MON,88,87.06486790182115
1997,MON,78,77.90603864015611
1998,MON,65,66.0996585553645
1999,MON,68,69.40642470401482
2000,MON,67,66.33149946293018
2001,MON,68,65.14236797192082
2002,MON,83,82.77939354733121
1904,NY1,106,105.06995576247917
1905,NY1,105,105.75713710326403
1908,NY1,98,101.61215643631648
1909,NY1,92,88.90836048800094
1910,NY1,91,93.837225628108
1911,NY1,99,100.57484333622925
1912,NY1,103,102.77552336629009
1913,NY1,101,95.90394720606015
1914,NY1,84,84.7341020830581
1915,NY1,69,68.53879610342204
1917,NY1,98,96.42030627342811
1920,NY1,86,89.33169538035041
1921,NY1,94,97.03789458651366
1922,NY1,93,95.85236429539242
1923,NY1,95,91.17431757098598
1924,NY1,93,96.79148136774072
1925,NY1,86,77.82613503548286
1926,NY1,74,74.06034324275711
1928,NY1,93,92.55091718367038
1929,NY1,84,92.9297607465276
1930,NY1,87,90.4316469592695
1931,NY1,87,92.35943906204892
1932,NY1,72,76.80438020282641
1934,NY1,93,93.18975102386962
1936,NY1,92,86.57642342794264
1937,NY1,95,86.62133375941943
1938,NY1,83,79.9527258846471
1940,NY1,72,74.42770117268068
1941,NY1,74,71.22850620474492
1942,NY1,85,81.45129736957084
1943,NY1,55,59.029392089363476
1944,NY1,67,65.79477140327424
1945,NY1,78,72.18364755522902
1946,NY1,61,65.48128184799289
1947,NY1,81,81.14549681123759
1950,NY1,86,84.66664247132567
1951,NY1,98,90.99779570985027
1953,NY1,70,76.81450797279038
1955,NY1,80,77.99519209542686
1957,NY1,69,68.94076752754201
1906,NYA,90,82.75932137940364
1907,NYA,70,62.42235115630747
1908,NYA,51,46.08356011616373
1909,NYA,74,71.51830519090997
1910,NYA,88,84.54670536902648
1911,NYA,76,71.52765983362411
1912,NYA,50,53.537245752895416
1913,NYA,57,58.22325252686029
1914,NYA,70,75.47708136833921
1915,NYA,69,75.87098041155986
1916,NYA,80,81.78850140901406
1917,NYA,71,72.23551852284425
1920,NYA,95,97.84676152267227
1921,NYA,98,102.2188179054751
1923,NYA,98,98.72673797069515
1924,NYA,89,90.59724500967644
1925,NYA,69,73.71769770568802
1926,NYA,91,91.65419240549024
1927,NYA,110,114.14739007768848
1928,NYA,101,99.40248123949328
1929,NYA,88,89.0457676115828
1931,NYA,94,104.09727785194266
1932,NYA,107,104.10356671577475
1933,NYA,91,93.290678488223
1934,NYA,94,92.14902071211057
1936,NYA,102,107.47380762031358
1937,NYA,102,105.99386978845239
1938,NYA,99,99.59725351246387
1939,NYA,106,115.63703348528858
1941,NYA,101,97.05295727031603
1942,NYA,103,104.10192543286155
1943,NYA,98,90.46161968776907
1944,NYA,83,82.55739562853051
1946,NYA,87,87.8696852432135
1948,NYA,94,98.14959174503545
1949,NYA,97,99.19469989822039
1950,NYA,98,100.9228927780618
1951,NYA,98,94.78511726755029
1952,NYA,95,95.54874915537346
1953,NYA,99,103.31264664333816
1954,NYA,103,102.78839914332418
1955,NYA,96,97.92723531455493
1956,NYA,97,100.5040028225861
1957,NYA,98,99.54489698062758
1959,NYA,79,80.96296374484014
1960,NYA,97,93.29608833882045
1961,NYA,109,102.28361279977547
1962,NYA,96,95.78133923212546
1963,NYA,104,97.43619897596068
1964,NYA,99,100.88688969039717
1965,NYA,77,80.18025239463257
1966,NYA,70,76.00907325496793
1967,NYA,72,69.95635688039238
1968,NYA,83,79.33985677488565
1969,NYA,80,76.4876233121743
1970,NYA,93,92.2439983565524
1971,NYA,82,79.97183175664631
1972,NYA,79,80.97019302535872
1973,NYA,80,83.49696081575016
1974,NYA,89,84.72068499704208
1975,NYA,83,88.40838558866236
1978,NYA,100,95.92937200003328
1979,NYA,89,89.01131094682553
1980,NYA,103,99.95178921552233
1982,NYA,79,81.64743117828652
1983,NYA,91,88.16974142740024
1984,NYA,87,88.67019367999659
1986,NYA,90,91.15276871559342
1989,NYA,74,72.9442806747897
1990,NYA,67,66.85860930768897
1991,NYA,71,68.64406931129135
1992,NYA,76,81.6001572304499
1993,NYA,88,84.68951498173051
1997,NYA,96,101.47490504980233
1998,NYA,114,111.0900938304222
1999,NYA,98,97.34322429499963
2000,NYA,87,85.0263660060696
2001,NYA,95,94.06808648466065
2002,NYA,103,101.28060161673514
2003,NYA,101,97.62586997362246
2004,NYA,101,93.94048394472188
2005,NYA,95,89.37069676049465
2006,NYA,97,94.99892923149373
2008,NYA,89,86.2040677701936
2009,NYA,103,98.03588156699288
2012,NYA,95,96.5892424096575
2014,NYA,84,79.645100841803
2015,NYA,87,88.01840887103653
2016,NYA,84,79.12831135720728
1963,NYN,51,47.38400195048666
1964,NYN,53,55.06133349844068
1965,NYN,50,50.01371797992572
1967,NYN,61,58.718606030290104
1968,NYN,73,77.67773124473563
1969,NYN,100,91.94362092759405
1970,NYN,83,88.45229202276218
1971,NYN,83,82.37344158445109
1972,NYN,83,77.0778668325649
1973,NYN,82,86.15066591615687
1974,NYN,71,69.37282531074655
1976,NYN,86,86.630726133396
1978,NYN,66,70.04636670690789
1980,NYN,67,70.55533537137114
1982,NYN,65,67.50508935467614
1983,NYN,68,68.29952486130786
1986,NYN,108,103.30992271527666
1987,NYN,92,95.0180699502888
1989,NYN,87,88.14788088750343
1990,NYN,91,93.93371862271988
1991,NYN,77,78.3071820760416
1992,NYN,72,74.07617477812988
1993,NYN,59,68.24251491815642
1996,NYN,71,76.2830257303462
1998,NYN,88,88.03150849754016
2000,NYN,94,90.58965692521068
2002,NYN,75,77.08364882750723
2003,NYN,66,67.67883735244257
2004,NYN,71,71.96587551326768
2005,NYN,83,85.00972732810936
2006,NYN,97,91.83830919668958
2007,NYN,88,85.54436551898502
2008,NYN,89,89.6968430493038
2009,NYN,70,72.41593330365231
2012,NYN,74,73.07998621793661
2013,NYN,74,74.52891665326183
2015,NYN,90,88.6988528328892
2016,NYN,87,88.65605895284547
1968,OAK,82,82.51788283781347
1969,OAK,88,87.8402383879392
1970,OAK,89,89.87307170399487
1972,OAK,93,95.5864784763607
1973,OAK,94,96.83424270050354
1975,OAK,98,97.2456173661434
1976,OAK,87,88.85285409518718
1977,OAK,63,63.84521085983005
1978,OAK,69,63.551743286207866
1979,OAK,54,51.852185872067054
1980,OAK,83,88.33699263824269
1982,OAK,68,67.15954365123226
1984,OAK,77,76.71171383107679
1985,OAK,77,77.9654100526179
1986,OAK,76,77.08776313394395
1987,OAK,81,83.02597949867473
1989,OAK,99,98.5565471516727
1991,OAK,84,82.89304627022679
1992,OAK,96,92.80410012078644
1993,OAK,68,69.6914772180381
1996,OAK,78,76.53514130653242
1997,OAK,65,64.31383271265348
2000,OAK,91,91.64096264110049
2001,OAK,102,102.50215297469786
2002,OAK,103,95.35228221455888
2003,OAK,96,93.58411534917161
2004,OAK,91,83.85264534538221
2005,OAK,88,88.69589879704915
2006,OAK,93,89.39316671978628
2007,OAK,76,76.76297283767724
2010,OAK,81,81.81430355825759
2011,OAK,74,76.3233735103924
2012,OAK,94,89.96917057358262
2013,OAK,96,94.40109702528557
2014,OAK,88,90.03360758713258
2015,OAK,68,71.44229796844252
2016,OAK,69,69.37732170465674
1904,PHA,81,81.10425915607769
1907,PHA,88,81.35290253063508
1908,PHA,68,66.37257634252508
1909,PHA,95,95.6208226870949
1910,PHA,102,103.18836865817349
1911,PHA,101,104.169660218996
1912,PHA,90,88.38156787947658
1913,PHA,96,97.02919121850495
1915,PHA,43,39.175093317071564
1916,PHA,36,42.64722785578984
1917,PHA,55,59.06519599278935
1920,PHA,48,47.77100462702426
1921,PHA,53,54.18678371673319
1924,PHA,71,67.63214668877386
1925,PHA,88,88.82026371090653
1926,PHA,83,86.08689915989972
1927,PHA,91,92.82940951740028
1928,PHA,98,99.55175850031804
1929,PHA,104,106.37825482942209
1930,PHA,102,98.56500797012804
1932,PHA,94,98.09508577219745
1933,PHA,79,77.7930986520024
1934,PHA,68,67.02205157504444
1937,PHA,54,59.595894738470705
1938,PHA,53,53.86572581257513
1939,PHA,55,47.54424094174077
1941,PHA,64,64.98896874393648
1942,PHA,55,50.75404013562959
1943,PHA,49,55.749300548255356
1944,PHA,72,70.07101367301789
1945,PHA,52,59.00487382920482
1946,PHA,49,56.08035517039671
1947,PHA,78,79.21557224993462
1949,PHA,81,78.60713649263818
1950,PHA,52,54.4277361895053
1951,PHA,70,74.66703065442354
1952,PHA,79,73.81312625173904
1953,PHA,59,59.17098876835739
1954,PHA,51,44.61243484664345
1904,PHI,52,53.11240294141716
1905,PHI,83,87.10441077382424
1906,PHI,71,71.77431194678434
1909,PHI,74,74.96945525916843
1912,PHI,73,74.8245873872859
1914,PHI,74,71.67886334744574
1917,PHI,87,84.2031976313586
1920,PHI,62,61.912811120112444
1922,PHI,57,58.64905233394818
1923,PHI,50,52.700870707027704
1924,PHI,55,59.10108335780334
1927,PHI,51,56.54234089671256
1928,PHI,43,48.10607851417566
1929,PHI,71,67.27681311253122
1930,PHI,52,55.0326421271005
1931,PHI,66,62.87254084099733
1932,PHI,78,81.24691199627533
1933,PHI,60,58.03127786609175
1935,PHI,64,56.622293341117704
1936,PHI,54,60.46732846506203
1937,PHI,61,62.13148205075184
1938,PHI,45,44.52448066545254
1939,PHI,45,48.0362916907387
1940,PHI,50,49.37288788894971
1941,PHI,43,43.96678588165534
1942,PHI,42,40.72170054364503
1943,PHI,64,65.12247476279174
1944,PHI,61,61.77782218804288
1945,PHI,46,44.16103454673607
1946,PHI,69,64.43917432065177
1947,PHI,62,66.25646727027875
1949,PHI,81,74.94814909825217
1950,PHI,91,87.42892409044683
1951,PHI,73,75.10468133967913
1952,PHI,87,88.58518429867836
1953,PHI,83,81.762356404834
1954,PHI,75,81.94823417738007
1956,PHI,71,70.52017491161207
1957,PHI,77,76.05932547782251
1958,PHI,69,68.46335533517698
1959,PHI,64,62.72556171624636
1963,PHI,87,86.47134344301475
1964,PHI,92,89.70320755176135
1965,PHI,85,78.7026069691004
1968,PHI,76,72.31919009760054
1969,PHI,63,69.0306517695005
1970,PHI,73,69.33640869326341
1971,PHI,67,66.18373378263851
1972,PHI,59,62.40787163208711
1973,PHI,71,71.567863339003
1974,PHI,80,76.3159125021456
1975,PHI,86,83.1247307995695
1976,PHI,101,103.83277770542026
1979,PHI,84,77.98451054725903
1982,PHI,89,83.60292714567565
1983,PHI,90,87.21032597280755
1984,PHI,81,80.53692904835724
1987,PHI,80,80.09483143179726
1988,PHI,65,65.50009749474461
1989,PHI,67,66.65250434623697
1991,PHI,78,74.53566082018595
1992,PHI,70,75.44456614144795
1993,PHI,97,95.84195883565579
1996,PHI,67,67.49126621198621
1997,PHI,68,64.24180824232647
1998,PHI,75,72.11684392066887
1999,PHI,77,78.43108794057386
2000,PHI,65,67.92134578879403
2001,PHI,86,85.76688790641322
2002,PHI,80,82.01510859266816
2003,PHI,86,86.37007358208437
2004,PHI,86,86.98163558948269
2005,PHI,88,86.7361428158214
2006,PHI,85,85.28247392295259
2007,PHI,89,87.2467219904106
2008,PHI,92,93.29338053851592
2010,PHI,97,92.55827444599129
2011,PHI,102,100.56939683232525
2012,PHI,81,81.11821232911669
2013,PHI,73,65.05707769775358
2014,PHI,73,73.14342054064542
2016,PHI,71,64.0262827062494
1904,PIT,87,81.37980820194122
1905,PIT,96,87.87251760816531
1906,PIT,93,90.39247202387116
1908,PIT,98,88.92130562719527
1909,PIT,110,101.44335167507614
1910,PIT,86,82.90821804317108
1911,PIT,85,94.44594997726202
1913,PIT,78,82.80601720943902
1914,PIT,69,71.77225392043023
1915,PIT,73,79.66967396137942
1916,PIT,65,67.12405698731133
1917,PIT,51,62.932508250532436
1920,PIT,79,77.2389317586886
1922,PIT,85,89.02799653015931
1923,PIT,87,86.67713289955012
1924,PIT,90,89.46130012681272
1925,PIT,95,93.84298566315763
1926,PIT,84,86.81205666515585
1927,PIT,94,93.98797046080755
1928,PIT,85,88.88105683026274
1930,PIT,80,77.85020377681278
1931,PIT,75,70.53411748445869
1932,PIT,86,75.33787003574564
1934,PIT,74,73.95367259701
1935,PIT,86,83.5048454397309
1936,PIT,84,81.8199970956842
1937,PIT,86,80.03702677873157
1938,PIT,86,81.02095968855627
1943,PIT,80,81.97025179657957
1944,PIT,90,86.0025007936334
1945,PIT,82,82.87654240623473
1946,PIT,63,61.05550080316189
1948,PIT,83,77.88688091043605
1950,PIT,57,59.60122904189247
1951,PIT,64,62.278909866036194
1952,PIT,42,44.35899483374209
1953,PIT,50,48.5984121386588
1954,PIT,53,47.54175037436194
1955,PIT,60,54.5604357138966
1957,PIT,62,64.8528118340661
1958,PIT,84,85.96291800539427
1959,PIT,78,72.5291035356365
1960,PIT,95,92.84573771289811
1962,PIT,93,89.87381149292048
1963,PIT,74,75.18973368810555
1965,PIT,90,89.07479393616684
1966,PIT,92,94.74538580872535
1967,PIT,81,79.43255205036795
1968,PIT,80,85.83148480949328
1969,PIT,88,86.49125771548424
1970,PIT,89,88.99015588491203
1971,PIT,97,102.08996994512857
1972,PIT,96,98.94348682017849
1973,PIT,80,83.06712007804995
1974,PIT,88,85.3340964633149
1975,PIT,92,92.85163949667535
1976,PIT,92,89.52149784361711
1977,PIT,96,89.25981313018261
1978,PIT,88,88.00692213696266
1979,PIT,98,99.28723419482485
1980,PIT,83,85.5577987383668
1983,PIT,84,84.64304488485692
1984,PIT,75,84.63225262463023
1986,PIT,64,74.60053253605668
1987,PIT,80,80.3028488139025
1988,PIT,85,84.76034580705061
1989,PIT,74,77.9200197585541
1990,PIT,95,92.95105326249082
1993,PIT,75,70.7743897676938
1997,PIT,79,76.57116413029632
1998,PIT,69,74.19183396259746
1999,PIT,78,77.17679365531998
2000,PIT,69,68.04714277687134
2001,PIT,62,60.09703535037804
2003,PIT,75,77.44051275186688
2004,PIT,72,75.66068064276266
2006,PIT,67,69.56770772272229
2007,PIT,68,68.48261973697261
2008,PIT,67,65.75749677561465
2009,PIT,62,64.23714017590245
2010,PIT,57,50.40935921842545
2011,PIT,72,72.06918315659235
2012,PIT,79,77.86128709384758
2013,PIT,94,89.9849927192187
2014,PIT,88,86.8365084633669
2016,PIT,78,81.12789443732679
1969,SDN,52,48.3289737875955
1970,SDN,63,68.50339623105774
1971,SDN,61,64.31775813918782
1972,SDN,58,58.47726691096133
1973,SDN,60,55.70678853155182
1975,SDN,71,65.5650044408814
1976,SDN,73,68.34858775234353
1977,SDN,69,67.35787372330424
1978,SDN,84,83.2458622190641
1979,SDN,68,70.35382313795374
1982,SDN,81,83.27953019723788
1983,SDN,81,83.01428000444541
1986,SDN,74,72.14843498236718
1987,SDN,65,69.40308371119299
1990,SDN,75,80.04459089365602
1991,SDN,84,82.66716954101841
1996,SDN,91,91.22367042561969
1997,SDN,76,73.46265241024005
1999,SDN,74,73.43307758647856
2000,SDN,76,76.65688084134172
2001,SDN,79,78.97197197153648
2002,SDN,66,65.46076043569389
2003,SDN,64,62.992276828485345
2004,SDN,87,86.22377058478148
2006,SDN,88,88.7421559492904
2007,SDN,89,89.51566244155887
2009,SDN,75,71.49429786741202
2010,SDN,90,90.35909315354309
2011,SDN,71,78.03636076431886
2012,SDN,76,74.5431145507373
2013,SDN,76,72.958231113872
2014,SDN,77,75.47286155085706
2016,SDN,68,70.35196862830838
1977,SEA,64,58.54226770418477
1979,SEA,67,70.05132893839026
1980,SEA,59,62.51959366068297
1982,SEA,76,76.41393671972227
1983,SEA,60,63.826272136792795
1986,SEA,67,68.33047899627678
1987,SEA,78,79.70578546972524
1988,SEA,68,71.73157937283389
1989,SEA,73,77.68680232647628
1990,SEA,77,77.83905898886545
1991,SEA,83,86.46987683640126
1993,SEA,82,84.0173404737628
1996,SEA,85,85.914785846429
1997,SEA,90,89.27617398001112
1999,SEA,79,76.77992212119011
2000,SEA,91,92.69018722569982
2001,SEA,116,111.46553044748299
2002,SEA,93,91.62554969804154
2003,SEA,93,93.24164292751962
2004,SEA,63,65.46167575181846
2006,SEA,78,79.70186402683338
2007,SEA,88,79.84362125309163
2008,SEA,61,65.14332906482241
2010,SEA,61,62.1806572409438
2011,SEA,67,67.4992419224808
2012,SEA,75,78.12566905271068
2013,SEA,71,69.86546742108229
2014,SEA,87,89.61315768679607
2015,SEA,76,77.0493772180941
2016,SEA,86,88.98633919399595
1958,SFN,80,79.58194432478015
1959,SFN,83,85.09275512175576
1960,SFN,79,82.02608570105826
1961,SFN,85,90.80870827355626
1963,SFN,88,89.26165190351115
1964,SFN,90,87.26382566249774
1965,SFN,95,92.67343560625781
1966,SFN,93,86.19161134484392
1967,SFN,91,90.98866884953355
1970,SFN,86,81.91773572806773
1971,SFN,90,85.24929885219765
1972,SFN,69,76.60792195536561
1973,SFN,88,86.58493904769786
1975,SFN,80,75.80596073511259
1979,SFN,71,71.7578897541591
1980,SFN,75,74.43006351401962
1982,SFN,87,81.05417627650056
1983,SFN,79,82.32684616803849
1984,SFN,66,67.56214313618136
1985,SFN,62,63.89997546515826
1987,SFN,90,91.261931124358
1988,SFN,83,87.0602626132275
1989,SFN,92,91.74995534038632
1990,SFN,85,82.55845594741666
1991,SFN,75,77.39218474828728
1992,SFN,72,71.51341403676503
1993,SFN,103,99.12138217615491
1996,SFN,68,68.59161153598095
1997,SFN,90,81.70995154650731
1998,SFN,89,92.29254172371913
1999,SFN,86,86.14644308944493
2000,SFN,97,100.17505963095442
2001,SFN,90,87.66796175564767
2002,SFN,95,96.07102043523732
2003,SFN,100,91.78902854686038
2004,SFN,91,91.10077437863993
2005,SFN,75,75.37750564215341
2006,SFN,76,76.1394322657514
2007,SFN,71,76.19425833160822
2009,SFN,88,85.11106752941777
2011,SFN,86,83.02286007381811
2012,SFN,94,90.02924324011732
2013,SFN,76,73.96932214551293
2014,SFN,88,86.03960201699714
2016,SFN,87,89.36479472306443
1904,SLA,65,65.1761319361008
1905,SLA,54,65.96558166260371
1906,SLA,76,81.90618589773823
1907,SLA,69,76.28778106725477
1910,SLA,47,44.67016817838536
1911,SLA,45,46.70527199992917
1913,SLA,57,64.43430408962995
1914,SLA,71,66.9504480859812
1915,SLA,63,58.69382110006732
1917,SLA,57,57.70136741941892
1920,SLA,76,83.13614287627342
1921,SLA,81,76.66914849262113
1923,SLA,74,75.87282094335089
1924,SLA,74,73.3274015921229
1925,SLA,82,76.29181251688425
1926,SLA,62,60.768501508985004
1927,SLA,59,59.830390701444585
1928,SLA,82,82.45073659822175
1930,SLA,64,64.35901629112345
1931,SLA,63,59.2970057826204
1932,SLA,63,60.238371349374844
1933,SLA,55,58.872856922600874
1934,SLA,67,62.977662005826105
1935,SLA,65,55.74425280413746
1939,SLA,43,45.2687237929513
1940,SLA,67,62.34472916084718
1941,SLA,70,69.48498259365377
1942,SLA,82,82.25922477694942
1943,SLA,72,74.80903959352344
1947,SLA,59,57.71555855224791
1948,SLA,59,59.276246463336705
1949,SLA,53,53.29318772218856
1950,SLA,58,54.88706014841532
1951,SLA,52,50.12830110829869
1952,SLA,64,63.80398681979332
1953,SLA,54,55.13176706269132
1906,SLN,52,60.15114614267794
1907,SLN,52,56.02646273874774
1908,SLN,49,48.04048178969258
1909,SLN,54,58.66624294646674
1910,SLN,63,68.65171496454298
1912,SLN,63,59.9006108547488
1913,SLN,51,55.173733012776616
1914,SLN,81,82.48287118110713
1915,SLN,72,76.02763511260234
1917,SLN,82,70.80217978282963
1920,SLN,75,76.13595450956608
1921,SLN,87,90.94397173382444
1922,SLN,85,78.00568448250384
1923,SLN,79,74.92657263501178
1925,SLN,77,80.40324115493266
1926,SLN,89,90.57655473571694
1927,SLN,92,86.39961099883872
1928,SLN,95,99.79767887866107
1930,SLN,92,97.86300892046754
1931,SLN,101,96.74333597342012
1932,SLN,72,72.08518904283159
1934,SLN,95,90.41229915786658
1935,SLN,96,95.23992969853805
1936,SLN,87,79.69792908871707
1937,SLN,81,80.76102984975333
1938,SLN,71,74.38741238956827
1939,SLN,92,91.53549775346944
1940,SLN,84,80.25814937114019
1941,SLN,97,89.72297594122759
1942,SLN,106,99.40457153138624
1943,SLN,105,99.70893504608804
1944,SLN,105,104.9579678354032
1946,SLN,98,92.35336461045843
1947,SLN,89,91.01140023588349
1948,SLN,85,83.61854469949216
1949,SLN,96,90.95589747431848
1950,SLN,78,75.80080798814897
1951,SLN,81,79.30703999228538
1952,SLN,88,81.67037058037278
1953,SLN,83,86.19202159754745
1955,SLN,68,65.6627442718766
1956,SLN,76,76.7690970238979
1958,SLN,72,70.0643161828232
1959,SLN,71,66.78190124991184
1960,SLN,86,79.05314003363844
1961,SLN,80,79.33928732899199
1964,SLN,93,87.30674634480324
1965,SLN,80,84.62330916796387
1966,SLN,83,81.32951508163528
1967,SLN,101,97.41608437506272
1968,SLN,97,92.95742806311827
1969,SLN,87,85.65034091408333
1970,SLN,76,78.08377111473321
1971,SLN,90,84.85065501734874
1973,SLN,81,86.12600447817667
1975,SLN,82,78.63044175960167
1976,SLN,72,73.90459672907757
1978,SLN,69,71.75282881769093
1979,SLN,86,83.84788632733648
1980,SLN,74,81.7727789720557
1982,SLN,92,92.30697069187474
1983,SLN,79,75.72187124240307
1984,SLN,84,84.99357606147801
1985,SLN,101,101.62641732643718
1986,SLN,79,82.37829363633048
1987,SLN,95,92.94163063763219
1989,SLN,86,84.71223940982578
1991,SLN,84,83.91631296850065
1992,SLN,83,86.55923038281581
1993,SLN,87,84.75260836531098
1996,SLN,88,87.37931143448625
1997,SLN,73,78.24728522736099
1998,SLN,83,84.33699694828172
1999,SLN,75,76.81407675582722
2001,SLN,93,92.21177759474777
2002,SLN,97,93.30050768919955
2004,SLN,105,103.46602255222504
2005,SLN,100,98.8364255289142
2007,SLN,78,69.73059352979988
2008,SLN,86,86.11670367108837
2009,SLN,91,89.39283898057616
2011,SLN,90,90.75118552392803
2012,SLN,88,90.86280486692792
2013,SLN,97,98.6922130113469
2014,SLN,90,86.76167172064659
2015,SLN,100,97.61709585823697
2016,SLN,86,85.08454585871777
2000,TBA,69,69.79612641166116
2001,TBA,62,56.83411817395523
2002,TBA,55,54.42591219736812
2003,TBA,63,64.40786764452908
2004,TBA,70,66.42743691770181
2005,TBA,67,65.62862264211505
2006,TBA,61,62.990787336161176
2007,TBA,66,62.40737726114474
2008,TBA,97,93.81642165941263
2009,TBA,84,85.04301354662118
2010,TBA,96,97.47201221760689
2011,TBA,91,87.31797983426813
2012,TBA,90,94.41260861041917
2014,TBA,77,77.82120396937614
2015,TBA,80,86.76671221468047
2016,TBA,68,75.08615819100172
1972,TEX,54,57.937723694783095
1973,TEX,57,58.42602538229352
1975,TEX,79,75.51025339466813
1976,TEX,76,75.34425903191716
1977,TEX,94,94.49965704122559
1978,TEX,87,88.10839820697285
1979,TEX,83,87.11187659551291
1982,TEX,64,63.04167849696816
1983,TEX,77,83.83425586824522
1984,TEX,69,71.53367280777485
1986,TEX,87,85.6246160424458
1988,TEX,70,71.85612590043137
1989,TEX,83,81.58732088439118
1990,TEX,83,78.82068128284114
1991,TEX,85,83.06827025645032
1992,TEX,77,75.6876957662244
1993,TEX,86,90.69321015935847
1996,TEX,90,94.17019155241444
1997,TEX,77,75.29096696161575
1998,TEX,88,87.84035995781375
2002,TEX,72,75.21925795686774
2003,TEX,71,69.76599296758313
2004,TEX,89,88.67949652483819
2006,TEX,80,83.53841023641775
2008,TEX,79,73.72024456221655
2009,TEX,87,86.03223450918178
2010,TEX,90,91.22690654832547
2012,TEX,93,91.03497404818265
2013,TEX,91,90.90606948403328
2015,TEX,88,82.7000591234121
2016,TEX,95,86.50167042591326
1977,TOR,54,58.23429302159118
1978,TOR,59,60.68995321800944
1980,TOR,67,67.68720672734744
1982,TOR,78,74.93965389315261
1983,TOR,89,89.34541603267823
1984,TOR,89,86.35773303966677
1985,TOR,99,98.46777463425498
1986,TOR,86,90.57238340266349
1987,TOR,96,98.07804876285775
1988,TOR,87,91.1649828880413
1989,TOR,89,87.09157596340077
1992,TOR,96,92.31960199478375
1993,TOR,95,93.2584772095344
1996,TOR,74,76.41400144175742
1997,TOR,76,76.00976837651828
1998,TOR,88,89.20064668050102
1999,TOR,84,82.97029963424913
2000,TOR,83,76.79971722563877
2001,TOR,80,82.35285942701529
2002,TOR,78,79.36838677286093
2003,TOR,86,84.63594613108867
2004,TOR,67,69.16781040417546
2005,TOR,80,84.90547288212073
2006,TOR,87,85.93829630992957
2007,TOR,83,86.7529099970805
2008,TOR,86,91.97617761194854
2009,TOR,75,78.0434014220076
2010,TOR,85,84.8916141492745
2011,TOR,81,77.04878069777948
2012,TOR,73,70.46886617988852
2013,TOR,74,76.42192136029746
2014,TOR,83,84.27305088752017
2016,TOR,89,89.66325642948422
2005,WAS,81,82.76809238151351
2006,WAS,71,66.73298551051349
2007,WAS,73,72.04716712972893
2009,WAS,59,62.31862581041423
2010,WAS,69,70.94320968972909
2011,WAS,80,80.829504051239
2013,WAS,86,85.40068336622079
2016,WAS,95,96.19401124681218
1905,WS1,64,65.66288194909072
1907,WS1,49,55.52037449736546
1908,WS1,67,69.96254263249206
1909,WS1,42,48.30667117814535
1911,WS1,64,62.431703087087364
1912,WS1,91,85.82734687453492
1913,WS1,90,81.55273779137102
1914,WS1,81,83.95322366278778
1916,WS1,76,76.91321508590535
1917,WS1,74,73.85345524617586
1920,WS1,68,71.65197293504067
1921,WS1,80,73.7478805647449
1923,WS1,75,74.79020305554235
1924,WS1,92,94.23736948085157
1925,WS1,96,95.02686922485502
1926,WS1,81,84.12584977605897
1927,WS1,85,84.6683738281175
1929,WS1,71,71.52139513083014
1930,WS1,94,96.24918083346577
1932,WS1,93,88.97776219599933
1933,WS1,99,94.99749818262887
1934,WS1,66,67.22578777362091
1936,WS1,82,82.56831855344417
1937,WS1,73,68.60846289944011
1938,WS1,75,68.55449273926979
1939,WS1,65,65.19969453615593
1940,WS1,64,59.34764634591177
1942,WS1,62,56.38474221687427
1943,WS1,84,82.4197149284209
1944,WS1,64,68.14616994296148
1945,WS1,87,82.19096621095396
1946,WS1,76,65.97895331234946
1947,WS1,64,58.150059411737594
1948,WS1,56,55.83420593873465
1949,WS1,50,45.259529019285544
1950,WS1,67,64.82379212328874
1951,WS1,62,64.63192484137966
1952,WS1,78,77.81136096937966
1953,WS1,76,81.27874110240549
1954,WS1,66,69.7187905667418
1955,WS1,53,55.78221299497143
1956,WS1,59,51.29321349784779
1957,WS1,55,55.10592744669847
1959,WS1,63,67.5572033153844
1960,WS1,73,77.69929655846563
1961,WS2,61,62.9000439710715
1962,WS2,60,64.54343361701217
1963,WS2,56,55.28270315518186
1964,WS2,62,63.06724462453242
1965,WS2,70,68.24188181732713
1966,WS2,71,68.50086907042032
1967,WS2,76,73.1123301743954
1970,WS2,70,75.47239868252755
